School,Division,Team,City,State,Primary Conference
Abilene Christian University,D1,Wildcats,Abilene,Texas,Southland Conference
University of Akron,D1,Zips,Akron,Ohio,Mid-American Conference
University of Alabama,D1,Crimson Tide,Tuscaloosa,Alabama,Southeastern Conference
Alabama Agricultural and Mechanical University,D1,Bulldogs and Lady Bulldogs,Huntsville,Alabama,Southwestern Athletic Conference
University of Alabama at Birmingham,D1,Blazers,Birmingham,Alabama,Conference USA
Alabama State University,D1,Hornets and Lady Hornets,Montgomery,Alabama,Southwestern Athletic Conference
University at Albany, SUNY,D1,Great Danes,Albany,New York,America East Conference
Alcorn State University,D1,Braves and Lady Braves,Lorman,Mississippi,Southwestern Athletic Conference
American University,D1,Eagles,Washington,District of Columbia,Patriot League
Appalachian State University,D1,Mountaineers,Boone,North Carolina,Sun Belt Conference
University of Arizona,D1,Wildcats,Tucson,Arizona,Pac-12 Conference
Arizona State University,D1,Sun Devils,Tempe,Arizona,Pac-12 Conference
University of Arkansas,D1,Razorbacks and Razorback women,Fayetteville,Arkansas,Southeastern Conference
University of Arkansas at Little Rock,D1,Trojans,Little Rock,Arkansas,Sun Belt Conference
University of Arkansas at Pine Bluff,D1,Golden Lions and Golden Lady Lions,Pine Bluff,Arkansas,Southwestern Athletic Conference
Arkansas State University,D1,Red Wolves,Jonesboro,Arkansas,Sun Belt Conference
Auburn University,D1,Tigers,Auburn,Alabama,Southeastern Conference
Austin Peay State University,D1,Governors and Lady Govs,Clarksville,Tennessee,Ohio Valley Conference
Ball State University,D1,Cardinals,Muncie,Indiana,Mid-American Conference
Baylor University,D1,Bears and Lady Bears,Waco,Texas,Big 12 Conference
Belmont University,D1,Bruins,Nashville,Tennessee,Ohio Valley Conference
Bethune-Cookman University,D1,Wildcats,Daytona Beach,Florida,Mid-Eastern Athletic Conference
Binghamton University,D1,Bearcats,Vestal,New York,America East Conference
Boise State University,D1,Broncos,Boise,Idaho,Mountain West Conference
Boston College,D1,Eagles,Chestnut Hill,Massachusetts,Atlantic Coast Conference
Boston University,D1,Terriers,Boston,Massachusetts,Patriot League
Bowling Green State University,D1,Falcons,Bowling Green,Ohio,Mid-American Conference
Bradley University,D1,Braves,Peoria,Illinois,Missouri Valley Conference
Brigham Young University,D1,Cougars,Provo,Utah,West Coast Conference
Brown University,D1,Bears,Providence,Rhode Island,Ivy League
Bryant University,D1,Bulldogs,Smithfield,Rhode Island,Northeast Conference
Bucknell University,D1,Bison,Lewisburg,Pennsylvania,Patriot League
University at Buffalo,D1,Bulls,Buffalo,New York,Mid-American Conference
Butler University,D1,Bulldogs,Indianapolis,Indiana,Big East Conference
University of California, Berkeley,D1,Golden Bears,Berkeley,California,Pac-12 Conference
University of California, Davis,D1,Aggies,Davis,California,Big West Conference
University of California, Irvine,D1,Anteaters,Irvine,California,Big West Conference
University of California, Los Angeles,D1,Bruins,Los Angeles,California,Pac-12 Conference
California Polytechnic State University,D1,Mustangs,San Luis Obispo,California,Big West Conference
University of California, Riverside,D1,Highlanders,Riverside,California,Big West Conference
University of California, Santa Barbara,D1,Gauchos,Santa Barbara,California,Big West Conference
California State University, Bakersfield,D1,Roadrunners,Bakersfield,California,Western Athletic Conference
California State University, Fresno,D1,Bulldogs,Fresno,California,Mountain West Conference
California State University, Fullerton,D1,Titans,Fullerton,California,Big West Conference
California State University, Long Beach,D1,49ers,Long Beach,California,Big West Conference
California State University, Northridge,D1,Matadors,Northridge,California,Big West Conference
California State University, Sacramento,D1,Hornets,Sacramento,California,Big Sky Conference
Campbell University,D1,Fighting Camels and Lady Camels,Buies Creek,North Carolina,Big South Conference
Canisius College,D1,Golden Griffins,Buffalo,New York,Metro Atlantic Athletic Conference
University of Central Arkansas,D1,Bears and Sugar Bears,Conway,Arkansas,Southland Conference
Central Connecticut State University,D1,Blue Devils,New Britain,Connecticut,Northeast Conference
University of Central Florida,D1,Knights,Orlando,Florida,American Athletic Conference
Central Michigan University,D1,Chippewas,Mount Pleasant,Michigan,Mid-American Conference
College of Charleston,D1,Cougars,Charleston,South Carolina,Colonial Athletic Association
Charleston Southern University,D1,Buccaneers,Charleston,South Carolina,Big South Conference
Chicago State University,D1,Cougars,Chicago,Illinois,Western Athletic Conference
University of Cincinnati,D1,Bearcats,Cincinnati,Ohio,American Athletic Conference
The Citadel,D1,Bulldogs,Charleston,South Carolina,Southern Conference
Clemson University,D1,Tigers,Clemson,South Carolina,Atlantic Coast Conference
Cleveland State University,D1,Vikings,Cleveland,Ohio,Horizon League
Coastal Carolina University,D1,Chanticleers,Conway,South Carolina,Sun Belt Conference
Colgate University,D1,Raiders,Hamilton,New York,Patriot League
University of Colorado Boulder,D1,Buffaloes,Boulder,Colorado,Pac-12 Conference
Colorado State University,D1,Rams,Fort Collins,Colorado,Mountain West Conference
Columbia University,D1,Lions,Manhattan,New York,Ivy League
University of Connecticut,D1,Huskies,Storrs,Connecticut,American Athletic Conference
Coppin State University,D1,Eagles,Baltimore,Maryland,Mid-Eastern Athletic Conference
Cornell University,D1,Big Red,Ithaca,New York,Ivy League
Creighton University,D1,Bluejays,Omaha,Nebraska,Big East Conference
Dartmouth College,D1,Big Green,Hanover,New Hampshire,Ivy League
Davidson College,D1,Wildcats,Davidson,North Carolina,Atlantic 10 Conference
University of Dayton,D1,Flyers,Dayton,Ohio,Atlantic 10 Conference
University of Delaware,D1,Fightin' Blue Hens,Newark,Delaware,Colonial Athletic Association
Delaware State University,D1,Hornets and Lady Hornets,Dover,Delaware,Mid-Eastern Athletic Conference
University of Denver,D1,Pioneers,Denver,Colorado,The Summit League
DePaul University,D1,Blue Demons,Chicago,Illinois,Big East Conference
University of Detroit Mercy,D1,Titans,Detroit,Michigan,Horizon League
Drake University,D1,Bulldogs,Des Moines,Iowa,Missouri Valley Conference
Drexel University,D1,Dragons,Philadelphia,Pennsylvania,Colonial Athletic Association
Duke University,D1,Blue Devils,Durham,North Carolina,Atlantic Coast Conference
Duquesne University,D1,Dukes,Pittsburgh,Pennsylvania,Atlantic 10 Conference
East Carolina University,D1,Pirates and Lady Pirates,Greenville,North Carolina,American Athletic Conference
East Tennessee State University,D1,Buccaneers and Lady Buccaneers,Johnson City,Tennessee,Southern Conference
Eastern Illinois University,D1,Panthers,Charleston,Illinois,Ohio Valley Conference
Eastern Kentucky University,D1,Colonels,Richmond,Kentucky,Ohio Valley Conference
Eastern Michigan University,D1,Eagles,Ypsilanti,Michigan,Mid-American Conference
Eastern Washington University,D1,Eagles,Cheney,Washington,Big Sky Conference
Elon University,D1,Phoenix,Elon,North Carolina,Colonial Athletic Association
University of Evansville,D1,Purple Aces,Evansville,Indiana,Missouri Valley Conference
Fairfield University,D1,Stags,Fairfield,Connecticut,Metro Atlantic Athletic Conference
Fairleigh Dickinson University,D1,Knights,Hackensack,New Jersey,Northeast Conference
University of Florida,D1,Gators,Gainesville,Florida,Southeastern Conference
Florida A&M University,D1,Rattlers and Lady Rattlers,Tallahassee,Florida,Mid-Eastern Athletic Conference
Florida Atlantic University,D1,Owls,Boca Raton,Florida,Conference USA
Florida Gulf Coast University,D1,Eagles,Fort Myers,Florida,Atlantic Sun Conference
Florida International University,D1,Panthers,Miami,Florida,Conference USA
Florida State University,D1,Seminoles,Tallahassee,Florida,Atlantic Coast Conference
Fordham University,D1,Rams,Bronx,New York,Atlantic 10 Conference
Furman University,D1,Paladins and Lady Paladins,Greenville,South Carolina,Southern Conference
Gardner-Webb University,D1,Runnin' Bulldogs,Boiling Springs,North Carolina,Big South Conference
George Mason University,D1,Patriots,Fairfax,Virginia,Atlantic 10 Conference
George Washington University,D1,Colonials,Washington,District of Columbia,Atlantic 10 Conference
Georgetown University,D1,Hoyas,Washington,District of Columbia,Big East Conference
University of Georgia,D1,Bulldogs and Lady Bulldogs,Athens,Georgia,Southeastern Conference
Georgia Institute of Technology,D1,Yellow Jackets,Atlanta,Georgia,Atlantic Coast Conference
Georgia Southern University,D1,Eagles and Lady Eagles,Statesboro,Georgia,Sun Belt Conference
Georgia State University,D1,Panthers,Atlanta,Georgia,Sun Belt Conference
Gonzaga University,D1,Bulldogs,Spokane,Washington,West Coast Conference
Grambling State University,D1,Tigers and Lady Tigers,Grambling,Louisiana,Southwestern Athletic Conference
Grand Canyon University,D1,Antelopes,Phoenix,Arizona,Western Athletic Conference
Hampton University,D1,Pirates and Lady Pirates,Hampton,Virginia,Big South Conference
University of Hartford,D1,Hawks,West Hartford,Connecticut,America East Conference
Harvard University,D1,Crimson,Cambridge,Massachusetts,Ivy League
University of Hawaii at Manoa,D1,Rainbow Warriors and Rainbow Wahine,Honolulu,Hawaii,Big West Conference
High Point University,D1,Panthers,High Point,North Carolina,Big South Conference
Hofstra University,D1,Pride,Hempstead,New York,Colonial Athletic Association
College of the Holy Cross,D1,Crusaders,Worcester,Massachusetts,Patriot League
University of Houston,D1,Cougars,Houston,Texas,American Athletic Conference
Houston Baptist University,D1,Huskies,Houston,Texas,Southland Conference
Howard University,D1,Bison and Lady Bison,Washington,District of Columbia,Mid-Eastern Athletic Conference
University of Idaho,D1,Vandals,Moscow,Idaho,Big Sky Conference
Idaho State University,D1,Bengals,Pocatello,Idaho,Big Sky Conference
University of Illinois at Chicago,D1,Flames,Chicago,Illinois,Horizon League
Illinois State University,D1,Redbirds,Normal,Illinois,Missouri Valley Conference
University of Illinois at Urbana-Champaign,D1,Fighting Illini,Urbana-Champaign,Illinois,Big Ten Conference
University of the Incarnate Word,D1,Cardinals,San Antonio,Texas,Southland Conference
Indiana University,D1,Hoosiers,Bloomington,Indiana,Big Ten Conference
Indiana State University,D1,Sycamores,Terre Haute,Indiana,Missouri Valley Conference
Indiana University - Purdue University Indianapolis,D1,Jaguars,Indianapolis,Indiana,Horizon League
Iona College,D1,Gaels,New Rochelle,New York,Metro Atlantic Athletic Conference
University of Iowa,D1,Hawkeyes,Iowa City,Iowa,Big Ten Conference
Iowa State University,D1,Cyclones,Ames,Iowa,Big 12 Conference
Jackson State University,D1,Tigers and Lady Tigers,Jackson,Mississippi,Southwestern Athletic Conference
Jacksonville University,D1,Dolphins,Jacksonville,Florida,Atlantic Sun Conference
Jacksonville State University,D1,Gamecocks,Jacksonville,Alabama,Ohio Valley Conference
James Madison University,D1,Dukes,Harrisonburg,Virginia,Colonial Athletic Association
University of Kansas,D1,Jayhawks,Lawrence,Kansas,Big 12 Conference
Kansas State University,D1,Wildcats,Manhattan,Kansas,Big 12 Conference
Kennesaw State University,D1,Owls and Lady Owls,Kennesaw,Georgia,Atlantic Sun Conference
Kent State University,D1,Golden Flashes,Kent,Ohio,Mid-American Conference
University of Kentucky,D1,Wildcats,Lexington,Kentucky,Southeastern Conference
La Salle University,D1,Explorers,Philadelphia,Pennsylvania,Atlantic 10 Conference
Lafayette College,D1,Leopards,Easton,Pennsylvania,Patriot League
Lamar University,D1,Cardinals and Lady Cardinals,Beaumont,Texas,Southland Conference
Lehigh University,D1,Mountain Hawks,Bethlehem,Pennsylvania,Patriot League
Liberty University,D1,Flames and Lady Flames,Lynchburg,Virginia,Atlantic Sun Conference
Lipscomb University,D1,Bisons and Lady Bisons,Nashville,Tennessee,Atlantic Sun Conference
Long Island University-Brooklyn ,D1,Blackbirds,Brooklyn,New York,Northeast Conference
Longwood University,D1,Lancers,Farmville,Virginia,Big South Conference
University of Louisiana at Lafayette,D1,Ragin' Cajuns,Lafayette,Louisiana,Sun Belt Conference
University of Louisiana at Monroe,D1,Warhawks,Monroe,Louisiana,Sun Belt Conference
Louisiana State University,D1,Tigers and Lady Tigers,Baton Rouge,Louisiana,Southeastern Conference
Louisiana Tech University,D1,Bulldogs and Lady Techsters,Ruston,Louisiana,Conference USA
University of Louisville,D1,Cardinals,Louisville,Kentucky,Atlantic Coast Conference
Loyola University Chicago,D1,Ramblers,Chicago,Illinois,Missouri Valley Conference
Loyola University Maryland,D1,Greyhounds,Baltimore,Maryland,Patriot League
Loyola Marymount University,D1,Lions,Los Angeles,California,West Coast Conference
University of Maine,D1,Black Bears,Orono,Maine,America East Conference
Manhattan College,D1,Jaspers and Lady Jaspers,Riverdale,New York,Metro Atlantic Athletic Conference
Marist College,D1,Red Foxes,Poughkeepsie,New York,Metro Atlantic Athletic Conference
Marquette University,D1,Golden Eagles,Milwaukee,Wisconsin,Big East Conference
Marshall University,D1,Thundering Herd,Huntington,West Virginia,Conference USA
University of Maryland, Baltimore County,D1,Retrievers,Catonsville,Maryland,America East Conference
University of Maryland, College Park,D1,Terrapins,College Park,Maryland,Big Ten Conference
University of Maryland Eastern Shore,D1,Hawks and Lady Hawks,Princess Anne,Maryland,Mid-Eastern Athletic Conference
University of Massachusetts Amherst,D1,Minutemen and Minutewomen,Amherst,Massachusetts,Atlantic 10 Conference
University of Massachusetts Lowell,D1,River Hawks,Lowell,Massachusetts,America East Conference
McNeese State University,D1,Cowboys and Cowgirls,Lake Charles,Louisiana,Southland Conference
University of Memphis,D1,Tigers,Memphis,Tennessee,American Athletic Conference
Mercer University,D1,Bears,Macon,Georgia,Southern Conference
University of Miami,D1,Hurricanes,Coral Gables,Florida,Atlantic Coast Conference
Miami University,D1,Redhawks,Oxford,Ohio,Mid-American Conference
University of Michigan,D1,Wolverines,Ann Arbor,Michigan,Big Ten Conference
Michigan State University,D1,Spartans,East Lansing,Michigan,Big Ten Conference
Middle Tennessee State University,D1,Blue Raiders,Murfreesboro,Tennessee,Conference USA
University of Minnesota,D1,Golden Gophers,Minneapolis-Saint Paul,Minnesota,Big Ten Conference
University of Mississippi,D1,Rebels,Oxford,Mississippi,Southeastern Conference
Mississippi State University,D1,Bulldogs,Starkville,Mississippi,Southeastern Conference
Mississippi Valley State University,D1,Delta Devils and Devilettes,Itta Bena,Mississippi,Southwestern Athletic Conference
University of Missouri,D1,Tigers,Columbia,Missouri,Southeastern Conference
University of Missouri-Kansas City,D1,Kangaroos,Kansas City,Missouri,Western Athletic Conference
Missouri State University,D1,Bears and Lady Bears,Springfield,Missouri,Missouri Valley Conference
Monmouth University,D1,Hawks,West Long Branch,New Jersey,Metro Atlantic Athletic Conference
University of Montana,D1,Grizzlies,Missoula,Montana,Big Sky Conference
Montana State University,D1,Bobcats,Bozeman,Montana,Big Sky Conference
Morehead State University,D1,Eagles,Morehead,Kentucky,Ohio Valley Conference
Morgan State University,D1,Bears and Lady Bears,Baltimore,Maryland,Mid-Eastern Athletic Conference
Mount St. Mary's University,D1,Mountaineers,Emmitsburg,Maryland,Northeast Conference
Murray State University,D1,Racers,Murray,Kentucky,Ohio Valley Conference
University of Nebraska-Lincoln,D1,Cornhuskers,Lincoln,Nebraska,Big Ten Conference
University of Nebraska Omaha,D1,Mavericks,Omaha,Nebraska,The Summit League
University of Nevada, Las Vegas,D1,Rebels,Paradise,Nevada,Mountain West Conference
University of Nevada, Reno,D1,Wolf Pack,Reno,Nevada,Mountain West Conference
University of New Hampshire,D1,Wildcats,Durham,New Hampshire,America East Conference
New Jersey Institute of Technology,D1,Highlanders,Newark,New Jersey,Atlantic Sun Conference
University of New Mexico,D1,Lobos,Albuquerque,New Mexico,Mountain West Conference
New Mexico State University,D1,Aggies,Las Cruces,New Mexico,Western Athletic Conference
University of New Orleans,D1,Privateers,New Orleans,Louisiana,Southland Conference
Niagara University,D1,Purple Eagles,Lewiston,New York,Metro Atlantic Athletic Conference
Nicholls State University,D1,Colonels,Thibodaux,Louisiana,Southland Conference
Norfolk State University,D1,Spartans,Norfolk,Virginia,Mid-Eastern Athletic Conference
North Carolina Agricultural and Technical State University,D1,Aggies,Greensboro,North Carolina,Mid-Eastern Athletic Conference
University of North Carolina at Asheville,D1,Bulldogs,Asheville,North Carolina,Big South Conference
North Carolina Central University,D1,Eagles,Durham,North Carolina,Mid-Eastern Athletic Conference
University of North Carolina at Chapel Hill,D1,Tar Heels,Chapel Hill,North Carolina,Atlantic Coast Conference
University of North Carolina at Charlotte,D1,49ers,Charlotte,North Carolina,Conference USA
University of North Carolina at Greensboro,D1,Spartans,Greensboro,North Carolina,Southern Conference
North Carolina State University,D1,Wolfpack,Raleigh,North Carolina,Atlantic Coast Conference
University of North Carolina at Wilmington,D1,Seahawks,Wilmington,North Carolina,Colonial Athletic Association
University of North Dakota,D1,Fighting Hawks,Grand Forks,North Dakota,The Summit League
North Dakota State University,D1,Bison,Fargo,North Dakota,The Summit League
University of North Florida,D1,Ospreys and Lady Ospreys,Jacksonville,Florida,Atlantic Sun Conference
University of North Texas,D1,Mean Green,Denton,Texas,Conference USA
Northeastern University,D1,Huskies,Boston,Massachusetts,Colonial Athletic Association
Northern Arizona University,D1,Lumberjacks,Flagstaff,Arizona,Big Sky Conference
University of Northern Colorado,D1,Bears,Greeley,Colorado,Big Sky Conference
Northern Illinois University,D1,Huskies,DeKalb,Illinois,Mid-American Conference
University of Northern Iowa,D1,Panthers,Cedar Falls,Iowa,Missouri Valley Conference
Northern Kentucky University,D1,Norse,Highland Heights,Kentucky,Horizon League
Northwestern University,D1,Wildcats,Evanston,Illinois,Big Ten Conference
Northwestern State University,D1,Demons and Lady Demons,Natchitoches,Louisiana,Southland Conference
University of Notre Dame,D1,Fighting Irish,South Bend,Indiana,Atlantic Coast Conference
Oakland University,D1,Golden Grizzlies,Rochester,Michigan,Horizon League
Ohio University,D1,Bobcats,Athens,Ohio,Mid-American Conference
The Ohio State University,D1,Buckeyes,Columbus,Ohio,Big Ten Conference
University of Oklahoma,D1,Sooners,Norman,Oklahoma,Big 12 Conference
Oklahoma State University-Stillwater,D1,Cowboys and Cowgirls,Stillwater,Oklahoma,Big 12 Conference
Old Dominion University,D1,Monarchs and Lady Monarchs,Norfolk,Virginia,Conference USA
Oral Roberts University,D1,Golden Eagles,Tulsa,Oklahoma,The Summit League
University of Oregon,D1,Ducks,Eugene,Oregon,Pac-12 Conference
Oregon State University,D1,Beavers,Corvallis,Oregon,Pac-12 Conference
University of the Pacific,D1,Tigers,Stockton,California,West Coast Conference
University of Pennsylvania,D1,Quakers,Philadelphia,Pennsylvania,Ivy League
Pennsylvania State University,D1,Nittany Lions,State College,Pennsylvania,Big Ten Conference
Pepperdine University,D1,Waves,Malibu,California,West Coast Conference
University of Pittsburgh,D1,Panthers,Pittsburgh,Pennsylvania,Atlantic Coast Conference
University of Portland,D1,Pilots,Portland,Oregon,West Coast Conference
Portland State University,D1,Vikings,Portland,Oregon,Big Sky Conference
Prairie View A&M University,D1,Panthers and Lady Panthers,Prairie View,Texas,Southwestern Athletic Conference
Presbyterian College,D1,Blue Hose,Clinton,South Carolina,Big South Conference
Princeton University,D1,Tigers,Princeton,New Jersey,Ivy League
Providence College,D1,Friars,Providence,Rhode Island,Big East Conference
Purdue University,D1,Boilermakers,West Lafayette,Indiana,Big Ten Conference
Purdue University Fort Wayne,D1,Mastodons,Fort Wayne,Indiana,The Summit League
Quinnipiac University,D1,Bobcats,Hamden,Connecticut,Metro Atlantic Athletic Conference
Radford University,D1,Highlanders,Radford,Virginia,Big South Conference
University of Rhode Island,D1,Rams,Kingston,Rhode Island,Atlantic 10 Conference
Rice University,D1,Owls,Houston,Texas,Conference USA
University of Richmond,D1,Spiders,Richmond,Virginia,Atlantic 10 Conference
Rider University,D1,Broncs,Lawrenceville,New Jersey,Metro Atlantic Athletic Conference
Robert Morris University,D1,Colonials,Moon Township,Pennsylvania,Northeast Conference
Rutgers University,D1,Scarlet Knights,New Brunswick,New Jersey,Big Ten Conference
Sacred Heart University,D1,Pioneers,Fairfield,Connecticut,Northeast Conference
St. Bonaventure University,D1,Bonnies,St. Bonaventure,New York,Atlantic 10 Conference
St. Francis College,D1,Terriers,Brooklyn,New York,Northeast Conference
Saint Francis University,D1,Red Flash,Loretto,Pennsylvania,Northeast Conference
St. John's University,D1,Red Storm,Jamaica,New York,Big East Conference
Saint Joseph's University,D1,Hawks,Philadelphia,Pennsylvania,Atlantic 10 Conference
Saint Louis University,D1,Billikens,St. Louis,Missouri,Atlantic 10 Conference
Saint Mary's College of California,D1,Gaels,Moraga,California,West Coast Conference
Saint Peter's University,D1,Peacocks and Peahens,Jersey City,New Jersey,Metro Atlantic Athletic Conference
Sam Houston State University,D1,Bearkats,Huntsville,Texas,Southland Conference
Samford University,D1,Bulldogs,Homewood,Alabama,Southern Conference
University of San Diego,D1,Toreros,San Diego,California,West Coast Conference
San Diego State University,D1,Aztecs,San Diego,California,Mountain West Conference
University of San Francisco,D1,Dons,San Francisco,California,West Coast Conference
San Jose State University,D1,Spartans,San Jose,California,Mountain West Conference
Santa Clara University,D1,Broncos,Santa Clara,California,West Coast Conference
Savannah State University,D1,Tigers and Lady Tigers,Savannah,Georgia,Mid-Eastern Athletic Conference
Seattle University,D1,Redhawks,Seattle,Washington,Western Athletic Conference
Seton Hall University,D1,Pirates,South Orange,New Jersey,Big East Conference
Siena College,D1,Saints,Loudonville,New York,Metro Atlantic Athletic Conference
University of South Alabama,D1,Jaguars,Mobile,Alabama,Sun Belt Conference
University of South Carolina,D1,Gamecocks,Columbia,South Carolina,Southeastern Conference
South Carolina State University,D1,Bulldogs and Lady Bulldogs,Orangeburg,South Carolina,Mid-Eastern Athletic Conference
University of South Carolina Upstate,D1,Spartans,Spartanburg,South Carolina,Big South Conference
University of South Dakota,D1,Coyotes,Vermillion,South Dakota,The Summit League
South Dakota State University,D1,Jackrabbits,Brookings,South Dakota,The Summit League
University of South Florida,D1,Bulls,Tampa,Florida,American Athletic Conference
Southeast Missouri State University,D1,Redhawks,Cape Girardeau,Missouri,Ohio Valley Conference
Southeastern Louisiana University,D1,Lions and Lady Lions,Hammond,Louisiana,Southland Conference
Southern University,D1,Jaguars and Lady Jaguars,Baton Rouge,Louisiana,Southwestern Athletic Conference
University of Southern California,D1,Trojans,Los Angeles,California,Pac-12 Conference
Southern Illinois University Carbondale,D1,Salukis,Carbondale,Illinois,Missouri Valley Conference
Southern Illinois University Edwardsville,D1,Cougars,Edwardsville,Illinois,Ohio Valley Conference
Southern Methodist University,D1,Mustangs,University Park,Texas,American Athletic Conference
University of Southern Mississippi,D1,Golden Eagles and Lady Eagles,Hattiesburg,Mississippi,Conference USA
Southern Utah University,D1,Thunderbirds,Cedar City,Utah,Big Sky Conference
Stanford University,D1,Cardinal,Palo Alto,California,Pac-12 Conference
Stephen F. Austin State University,D1,Lumberjacks and Ladyjacks,Nacogdoches,Texas,Southland Conference
Stetson University,D1,Hatters,DeLand,Florida,Atlantic Sun Conference
Stony Brook University,D1,Seawolves,Stony Brook,New York,America East Conference
Syracuse University,D1,Orange,Syracuse,New York,Atlantic Coast Conference
Temple University,D1,Owls,Philadelphia,Pennsylvania,American Athletic Conference
University of Tennessee,D1,Volunteers and Lady Vols,Knoxville,Tennessee,Southeastern Conference
University of Tennessee at Chattanooga,D1,Mocs and Lady Mocs,Chattanooga,Tennessee,Southern Conference
University of Tennessee at Martin,D1,Skyhawks,Martin,Tennessee,Ohio Valley Conference
Tennessee State University,D1,Tigers and Lady Tigers,Nashville,Tennessee,Ohio Valley Conference
Tennessee Technological University,D1,Golden Eagles,Cookeville,Tennessee,Ohio Valley Conference
Texas A&M University,D1,Aggies,College Station,Texas,Southeastern Conference
Texas A&M University-Corpus Christi,D1,Islanders,Corpus Christi,Texas,Southland Conference
University of Texas at Arlington,D1,Mavericks,Arlington,Texas,Sun Belt Conference
University of Texas at Austin,D1,Longhorns,Austin,Texas,Big 12 Conference
Texas Christian University,D1,Horned Frogs and Lady Frogs,Fort Worth,Texas,Big 12 Conference
University of Texas at El Paso,D1,Miners,El Paso,Texas,Conference USA
University of Texas Rio Grande Valley,D1,Vaqueros,Edinburg,Texas,Western Athletic Conference
University of Texas at San Antonio,D1,Roadrunners,San Antonio,Texas,Conference USA
Texas Southern University,D1,Tigers and Lady Tigers,Houston,Texas,Southwestern Athletic Conference
Texas State University,D1,Bobcats,San Marcos,Texas,Sun Belt Conference
Texas Tech University,D1,Red Raiders,Lubbock,Texas,Big 12 Conference
University of Toledo,D1,Rockets,Toledo,Ohio,Mid-American Conference
Towson University,D1,Tigers,Towson,Maryland,Colonial Athletic Association
Troy University,D1,Trojans,Troy,Alabama,Sun Belt Conference
Tulane University,D1,Green Wave,New Orleans,Louisiana,American Athletic Conference
University of Tulsa,D1,Golden Hurricane,Tulsa,Oklahoma,American Athletic Conference
United States Air Force Academy (Air Force),D1,Falcons,Colorado Springs,Colorado,Mountain West Conference
United States Military Academy (Army),D1,Black Knights,West Point,New York,Patriot League
United States Naval Academy (Navy),D1,Midshipmen,Annapolis,Maryland,Patriot League
University of Utah,D1,Utes,Salt Lake City,Utah,Pac-12 Conference
Utah State University,D1,Aggies,Logan,Utah,Mountain West Conference
Utah Valley University,D1,Wolverines,Orem,Utah,Western Athletic Conference
Valparaiso University,D1,Crusaders,Valparaiso,Indiana,Missouri Valley Conference
Vanderbilt University,D1,Commodores,Nashville,Tennessee,Southeastern Conference
University of Vermont,D1,Catamounts,Burlington,Vermont,America East Conference
Villanova University,D1,Wildcats,Radnor Township,Pennsylvania,Big East Conference
University of Virginia,D1,Cavaliers,Charlottesville,Virginia,Atlantic Coast Conference
Virginia Commonwealth University,D1,Rams,Richmond,Virginia,Atlantic 10 Conference
Virginia Military Institute,D1,Keydets,Lexington,Virginia,Southern Conference
Virginia Tech,D1,Hokies,Blacksburg,Virginia,Atlantic Coast Conference
Wagner College,D1,Seahawks,Staten Island,New York,Northeast Conference
Wake Forest University,D1,Demon Deacons,Winston-Salem,North Carolina,Atlantic Coast Conference
University of Washington,D1,Huskies,Seattle,Washington,Pac-12 Conference
Washington State University,D1,Cougars,Pullman,Washington,Pac-12 Conference
Weber State University,D1,Wildcats,Ogden,Utah,Big Sky Conference
West Virginia University,D1,Mountaineers,Morgantown,West Virginia,Big 12 Conference
Western Carolina University,D1,Catamounts,Cullowhee,North Carolina,Southern Conference
Western Illinois University,D1,Leathernecks,Macomb,Illinois,The Summit League
Western Kentucky University,D1,Hilltoppers and Lady Toppers,Bowling Green,Kentucky,Conference USA
Western Michigan University,D1,Broncos,Kalamazoo,Michigan,Mid-American Conference
Wichita State University,D1,Shockers,Wichita,Kansas,American Athletic Conference
College of William & Mary,D1,Tribe,Williamsburg,Virginia,Colonial Athletic Association
Winthrop University,D1,Eagles,Rock Hill,South Carolina,Big South Conference
University of Wisconsin-Green Bay,D1,Phoenix,Green Bay,Wisconsin,Horizon League
University of Wisconsin-Madison,D1,Badgers,Madison,Wisconsin,Big Ten Conference
University of Wisconsin-Milwaukee,D1,Panthers,Milwaukee,Wisconsin,Horizon League
Wofford College,D1,Terriers,Spartanburg,South Carolina,Southern Conference
Wright State University,D1,Raiders,Fairborn,Ohio,Horizon League
University of Wyoming,D1,Cowboys and Cowgirls,Laramie,Wyoming,Mountain West Conference
Xavier University,D1,Musketeers,Cincinnati,Ohio,Big East Conference
Yale University,D1,Bulldogs,New Haven,Connecticut,Ivy League
Youngstown State University,D1,Penguins,Youngstown,Ohio,Horizon League
Academy of Art University,D2,Urban Knights,San Francisco,California,Pacific West Conference
Adams State University,D2,Grizzlies,Alamosa,Colorado,Rocky Mountain Athletic Conference
Adelphi University,D2,Panthers,Garden City,New York,Northeast-10 Conference
University of Alabama in Huntsville,D2,Chargers,Huntsville,Alabama,Gulf South Conference
University of Alaska Fairbanks,D2,Nanooks,Fairbanks,Alaska,Great Northwest Athletic Conference
University of Alaska Anchorage,D2,Seawolves,Anchorage,Alaska,Great Northwest Athletic Conference
Albany State University,D2,Golden Rams,Albany,Georgia,Southern Intercollegiate Athletic Conference
Alderson Broaddus University,D2,Battlers,Philippi,West Virginia,Great Midwest Athletic Conference
American International College,D2,Yellow Jackets,Springfield,Massachusetts,Northeast-10 Conference
Anderson University,D2,Trojans,Anderson,South Carolina,South Atlantic Conference
Angelo State University,D2,Rams & Rambelles,San Angelo,Texas,Lone Star Conference
Arkansas Tech University,D2,Wonder Boys & Golden Suns,Russellville,Arkansas,Great American Conference
University of Arkansasï¿½ Fort Smith,D2,Lions,Fort Smith,Arkansas,Heartland Conference
University of Arkansas at Monticello,D2,Boll Weevils & Cotton Blossoms,Monticello,Arkansas,Great American Conference
Ashland University,D2,Eagles,Ashland,Ohio,Great Lakes Intercollegiate Athletic Conference
Assumption College,D2,Greyhounds,Worcester,Massachusetts,Northeast-10 Conference
Augusta University,D2,Jaguars,Augusta,Georgia,Peach Belt Conference
Augustana University,D2,Vikings,Sioux Falls,South Dakota,Northern Sun Intercollegiate Conference
Azusa Pacific University,D2,Cougars,Azusa,California,Pacific West Conference
Barry University,D2,Buccaneers,Miami Shores,Florida,Sunshine State Conference
Barton College,D2,Bulldogs,Wilson,North Carolina,Conference Carolinas
Bellarmine University,D2,Knights,Louisville,Kentucky,Great Lakes Valley Conference
Belmont Abbey College,D2,Crusaders,Belmont,North Carolina,Conference Carolinas
Bemidji State University,D2,Beavers,Bemidji,Minnesota,Northern Sun Intercollegiate Conference
Benedict College,D2,Tigers,Columbia,South Carolina,Southern Intercollegiate Athletic Conference
Bentley University,D2,Falcons,Waltham,Massachusetts,Northeast-10 Conference
Black Hills State University,D2,Yellow Jackets,Spearfish,South Dakota,Rocky Mountain Athletic Conference
Bloomfield College,D2,Bears,Bloomfield,New Jersey,Central Atlantic Collegiate Conference
Bloomsburg University of Pennsylvania,D2,Huskies,Bloomsburg,Pennsylvania,Pennsylvania State Athletic Conference
Bluefield State College,D2,Big Blues & Lady Blues,Bluefield,West Virginia,Independent
Bowie State University,D2,Bulldogs,Bowie,Maryland,Central Intercollegiate Athletic Association
University of Bridgeport,D2,Purple Knights,Bridgeport,Connecticut,East Coast Conference
Caldwell University,D2,Cougars,Caldwell,New Jersey,Central Atlantic Collegiate Conference
California University of Pennsylvania,D2,Vulcans,California,Pennsylvania,Pennsylvania State Athletic Conference
California State Polytechnic University, Pomona,D2,Broncos,Pomona,California,California Collegiate Athletic Association
California State University, Chico,D2,Wildcats,Chico,California,California Collegiate Athletic Association
California State University, Dominguez Hills,D2,Toros,Carson,California,California Collegiate Athletic Association
California State University, East Bay,D2,Pioneers,Hayward,California,California Collegiate Athletic Association
California State University, Los Angeles,D2,Golden Eagles,Los Angeles,California,California Collegiate Athletic Association
California State University, Monterey Bay,D2,Otters,Seaside,California,California Collegiate Athletic Association
California State University, San Bernardino,D2,Coyotes,San Bernardino,California,California Collegiate Athletic Association
California State University San Marcos,D2,Cougars,San Marcos,California,California Collegiate Athletic Association
California State University, Stanislaus,D2,Warriors,Turlock,California,California Collegiate Athletic Association
University of California, San Diego,D2,Tritons,La Jolla,California,California Collegiate Athletic Association
Cameron University,D2,Aggies,Lawton,Oklahoma,Lone Star Conference
Carson-Newman University,D2,Eagles,Jefferson City,Tennessee,South Atlantic Conference
Catawba College,D2,Indians,Salisbury,North Carolina,South Atlantic Conference
Cedarville University,D2,Yellow Jackets,Cedarville,Ohio,Great Midwest Athletic Conference
University of Central Missouri,D2,Mules & Jennies,Warrensburg,Missouri,Mid-America Intercollegiate Athletics Association
University of Central Oklahoma,D2,Bronchos,Edmond,Oklahoma,Mid-America Intercollegiate Athletics Association
Central State University,D2,Marauders & Lady Marauders,Wilberforce,Ohio,Southern Intercollegiate Athletic Conference
Central Washington University,D2,Wildcats,Ellensburg,Washington,Great Northwest Athletic Conference
Chadron State College,D2,Eagles,Chadron,Nebraska,Rocky Mountain Athletic Conference
Chaminade University of Honolulu,D2,Silverswords,Honolulu,Hawai'i,Pacific West Conference
University of Charleston,D2,Golden Eagles,Charleston,West Virginia,Mountain East Conference
Chestnut Hill College,D2,Griffins,Philadelphia,Pennsylvania,Central Atlantic Collegiate Conference
Chowan University,D2,Hawks,Murfreesboro,North Carolina,Central Intercollegiate Athletic Association
Christian Brothers University,D2,Buccaneers,Memphis,Tennessee,Gulf South Conference
Claflin University,D2,Panthers,Orangeburg,South Carolina,Central Intercollegiate Athletic Association
Clarion University of Pennsylvania,D2,Golden Eagles,Clarion,Pennsylvania,Pennsylvania State Athletic Conference
Clark Atlanta University,D2,Panthers,Atlanta,Georgia,Southern Intercollegiate Athletic Conference
Clayton State University,D2,Lakers,Morrow,Georgia,Peach Belt Conference
Coker College,D2,Cobras,Hartsville,South Carolina,South Atlantic Conference
Colorado Christian University,D2,Cougars,Lakewood,Colorado,Rocky Mountain Athletic Conference
Colorado Mesa University,D2,Mavericks,Grand Junction,Colorado,Rocky Mountain Athletic Conference
Colorado School of Mines,D2,Orediggers,Golden,Colorado,Rocky Mountain Athletic Conference
Colorado State University-Pueblo,D2,ThunderWolves,Pueblo,Colorado,Rocky Mountain Athletic Conference
University of Colorado Colorado Springs,D2,Mountain Lions,Colorado Springs,Colorado,Rocky Mountain Athletic Conference
Columbus State University,D2,Cougars,Columbus,Georgia,Peach Belt Conference
Concord University,D2,Mountain Lions,Athens,West Virginia,Mountain East Conference
Concordia College,D2,Clippers,Bronxville,New York,Central Atlantic Collegiate Conference
Concordia University-Irvine,D2,Eagles,Irvine,California,Pacific West Conference
Concordia University-Portland,D2,Cavaliers,Portland,Oregon,Great Northwest Athletic Conference
Concordia University-St. Paul,D2,Golden Bears,St. Paul,Minnesota,Northern Sun Intercollegiate Conference
Converse College,D2,Valkyries,Spartanburg,South Carolina,Conference Carolinas
Daemen College,D2,Wildcats,Amherst,New York,East Coast Conference
Dallas Baptist University,D2,Patriots,Dallas,Texas,Heartland Conference
Davis & Elkins College,D2,Senators,Elkins,West Virginia,Great Midwest Athletic Conference
Delta State University,D2,Statesmen & Lady Statesmen,Cleveland,Mississippi,Gulf South Conference
University of the District of Columbia,D2,Firebirds,Washington,District of Columbia,East Coast Conference
Dixie State University,D2,Trailblazers,St. George,Utah,Rocky Mountain Athletic Conference
Dominican University of California,D2,Penguins,San Rafael,California,Pacific West Conference
Dominican College,D2,Chargers,Orangeburg,New York,Central Atlantic Collegiate Conference
Drury University,D2,Panthers,Springfield,Missouri,Great Lakes Valley Conference
East Central University,D2,Tigers,Ada,Oklahoma,Great American Conference
East Stroudsburg University of Pennsylvania,D2,Warriors,East Stroudsburg,Pennsylvania,Pennsylvania State Athletic Conference
Eastern New Mexico University,D2,Greyhounds,Portales,New Mexico,Lone Star Conference
Eckerd College,D2,Tritons,St. Petersburg,Florida,Sunshine State Conference
Edinboro University of Pennsylvania,D2,Fighting Scots,Edinboro,Pennsylvania,Pennsylvania State Athletic Conference
Elizabeth City State University,D2,Vikings,Elizabeth City,North Carolina,Central Intercollegiate Athletic Association
Embry-Riddle Aeronautical University,D2,Eagles,Daytona Beach,Florida,Sunshine State Conference
Emporia State University,D2,Hornets,Emporia,Kansas,Mid-America Intercollegiate Athletics Association
Erskine College,D2,Flying Fleet,Due West,South Carolina,Conference Carolinas
Fairmont State University,D2,Falcons,Fairmont,West Virginia,Mountain East Conference
Fayetteville State University,D2,Broncos,Fayetteville,North Carolina,Central Intercollegiate Athletic Association
Felician University,D2,Golden Falcons,Rutherford,New Jersey,Central Atlantic Collegiate Conference
Ferris State University,D2,Bulldogs,Big Rapids,Michigan,Great Lakes Intercollegiate Athletic Conference
University of Findlay,D2,Oilers,Findlay,Ohio,Great Midwest Athletic Conference
Flagler College,D2,Saints,St. Augustine,Florida,Peach Belt Conference
Florida Southern College,D2,Moccasins,Lakeland,Florida,Sunshine State Conference
Florida Institute of Technology,D2,Panthers,Melbourne,Florida,Sunshine State Conference
Fort Hays State University,D2,Tigers,Hays,Kansas,Mid-America Intercollegiate Athletics Association
Fort Lewis College,D2,Skyhawks,Durango,Colorado,Rocky Mountain Athletic Conference
Fort Valley State University,D2,Wildcats,Fort Valley,Georgia,Southern Intercollegiate Athletic Conference
Francis Marion University,D2,Patriots,Florence,South Carolina,Peach Belt Conference
Franklin Pierce University,D2,Ravens,Rindge,New Hampshire,Northeast-10 Conference
Fresno Pacific University,D2,Sunbirds,Fresno,California,Pacific West Conference
Gannon University,D2,Golden Knights,Erie,Pennsylvania,Pennsylvania State Athletic Conference
Georgia College & State University,D2,Bobcats,Milledgeville,Georgia,Peach Belt Conference
Georgia Southwestern State University,D2,Hurricanes,Americus,Georgia,Peach Belt Conference
Georgian Court University,D2,Lions,Lakewood,New Jersey,Central Atlantic Collegiate Conference
Glenville State College,D2,Pioneers,Glenville,West Virginia,Mountain East Conference
Goldey-Beacom College,D2,Lightning,Pike Creek Valley,Delaware,Central Atlantic Collegiate Conference
Grand Valley State University,D2,Lakers,Allendale,Michigan,Great Lakes Intercollegiate Athletic Conference
Harding University,D2,Bisons & Lady Bisons,Searcy,Arkansas,Great American Conference
Hawai'i Pacific University,D2,Sharks,Honolulu,Hawai'i,Pacific West Conference
University of Hawai'i at Hilo,D2,Vulcans,Hilo,Hawai'i,Pacific West Conference
Henderson State University,D2,Reddies,Arkadelphia,Arkansas,Great American Conference
Hillsdale College,D2,Chargers,Hillsdale,Michigan,Great Midwest Athletic Conference
Holy Family University,D2,Tigers,Philadelphia,Pennsylvania,Central Atlantic Collegiate Conference
Holy Names University,D2,Hawks,Oakland,California,Pacific West Conference
Humboldt State University,D2,Lumberjacks,Arcata,California,California Collegiate Athletic Association
University of Illinois at Springfield,D2,Prairie Stars,Springfield,Illinois,Great Lakes Valley Conference
Indiana University of Pennsylvania,D2,Crimson Hawks,Indiana,Pennsylvania,Pennsylvania State Athletic Conference
University of Indianapolis,D2,Greyhounds,Indianapolis,Indiana,Great Lakes Valley Conference
Johnson C. Smith University,D2,Golden Bulls,Charlotte,North Carolina,Central Intercollegiate Athletic Association
Kentucky State University,D2,Thorobreds & Thorobrettes,Frankfort,Kentucky,Southern Intercollegiate Athletic Conference
Kentucky Wesleyan College,D2,Panthers,Owensboro,Kentucky,Great Midwest Athletic Conference
King University,D2,Tornados,Bristol,Tennessee,Conference Carolinas
Kutztown University of Pennsylvania,D2,Golden Bears,Kutztown,Pennsylvania,Pennsylvania State Athletic Conference
Lake Erie College,D2,Storm,Painesville,Ohio,Great Midwest Athletic Conference
Lake Superior State University,D2,Lakers,Sault Ste. Marie,Michigan,Great Lakes Intercollegiate Athletic Conference
Lander University,D2,Bearcats,Greenwood,South Carolina,Peach Belt Conference
Lane College,D2,Dragons,Jackson,Tennessee,Southern Intercollegiate Athletic Conference
Le Moyne College,D2,Dolphins,Syracuse,New York,Northeast-10 Conference
Lee University,D2,Flames,Cleveland,Tennessee,Gulf South Conference
Lees-McRae College,D2,Bobcats,Banner Elk,North Carolina,Conference Carolinas
LeMoyne-Owen College,D2,Magicians,Memphis,Tennessee,Southern Intercollegiate Athletic Conference
Lenoir-Rhyne University,D2,Bears,Hickory,North Carolina,South Atlantic Conference
Lewis University,D2,Flyers,Romeoville,Illinois,Great Lakes Valley Conference
Limestone College,D2,Saints,Gaffney,South Carolina,Conference Carolinas
Lincoln University (MO),D2,Blue Tigers,Jefferson City,Missouri,Mid-America Intercollegiate Athletics Association
Lincoln University (PA),D2,Lions,Chester County,Pennsylvania,Central Intercollegiate Athletic Association
Lincoln Memorial University,D2,Railsplitters,Harrogate,Tennessee,South Atlantic Conference
Lindenwood University,D2,Lions & Lady Lions,St. Charles,Missouri,Mid-America Intercollegiate Athletics Association
Livingstone College,D2,Blue Bears,Salisbury,North Carolina,Central Intercollegiate Athletic Association
Lock Haven University of Pennsylvania,D2,Bald Eagles,Lock Haven,Pennsylvania,Pennsylvania State Athletic Conference
Long Island University-Post,D2,Pioneers,Brookville,New York,East Coast Conference
Lubbock Christian University,D2,Chaparrals & Lady Chaps,Lubbock,Texas,Heartland Conference
Lynn University,D2,Fighting Knights,Boca Raton,Florida,Sunshine State Conference
Malone University,D2,Pioneers,Canton,Ohio,Great Midwest Athletic Conference
Mansfield University of Pennsylvania,D2,Mountaineers,Mansfield,Pennsylvania,Pennsylvania State Athletic Conference
Mars Hill University,D2,Lions,Mars Hill,North Carolina,South Atlantic Conference
University of Mary,D2,Marauders,Bismarck,North Dakota,Northern Sun Intercollegiate Conference
Maryville University,D2,Saints,St. Louis,Missouri,Great Lakes Valley Conference
McKendree University,D2,Bearcats,Lebanon,Illinois,Great Lakes Valley Conference
Mercy College,D2,Mavericks,Dobbs Ferry,New York,East Coast Conference
Mercyhurst University,D2,Lakers,Erie,Pennsylvania,Pennsylvania State Athletic Conference
Merrimack College,D2,Warriors,North Andover,Massachusetts,Northeast-10 Conference
Metropolitan State University of Denver,D2,Roadrunners,Denver,Colorado,Rocky Mountain Athletic Conference
Michigan Technological University,D2,Huskies,Houghton,Michigan,Great Lakes Intercollegiate Athletic Conference
Midwestern State University,D2,Mustangs,Wichita Falls,Texas,Lone Star Conference
Miles College,D2,Golden Bears,Fairfield,Alabama,Southern Intercollegiate Athletic Conference
Millersville University of Pennsylvania,D2,Marauders,Millersville,Pennsylvania,Pennsylvania State Athletic Conference
Minnesota State University, Mankato,D2,Mavericks,Mankato,Minnesota,Northern Sun Intercollegiate Conference
Minnesota State University Moorhead,D2,Dragons,Moorhead,Minnesota,Northern Sun Intercollegiate Conference
University of Minnesota Crookston,D2,Golden Eagles,Crookston,Minnesota,Northern Sun Intercollegiate Conference
University of Minnesota Duluth,D2,Bulldogs,Duluth,Minnesota,Northern Sun Intercollegiate Conference
Minot State University,D2,Beavers,Minot,North Dakota,Northern Sun Intercollegiate Conference
Mississippi College,D2,Choctaws,Clinton,Mississippi,Gulf South Conference
Missouri University of Science and Technology,D2,Miners,Rolla,Missouri,Great Lakes Valley Conference
Missouri Southern State University,D2,Lions,Joplin,Missouri,Mid-America Intercollegiate Athletics Association
Missouri Western State University,D2,Griffons,St. Joseph,Missouri,Mid-America Intercollegiate Athletics Association
University of Missouri-St. Louis,D2,Tritons,St. Louis,Missouri,Great Lakes Valley Conference
Molloy College,D2,Lions,Rockville Centre,New York,East Coast Conference
Montana State University Billings,D2,Yellowjackets,Billings,Montana,Great Northwest Athletic Conference
University of Montevallo,D2,Falcons,Montevallo,Alabama,Gulf South Conference
Morehouse College,D2,Maroon Tigers,Atlanta,Georgia,Southern Intercollegiate Athletic Conference
University of Mount Olive,D2,Trojans,Mount Olive,North Carolina,Conference Carolinas
University of Nebraska at Kearney,D2,Lopers,Kearney,Nebraska,Mid-America Intercollegiate Athletics Association
University of New Haven,D2,Chargers,West Haven,Connecticut,Northeast-10 Conference
New Mexico Highlands University,D2,Cowboys & Cowgirls,Las Vegas,New Mexico,Rocky Mountain Athletic Conference
New York Institute of Technology,D2,Bears,Old Westbury,New York,East Coast Conference
Newberry College,D2,Wolves,Newberry,South Carolina,South Atlantic Conference
Newman University,D2,Jets,Wichita,Kansas,Heartland Conference
University of North Carolina at Pembroke,D2,Braves,Pembroke,North Carolina,Peach Belt Conference
University of North Georgia,D2,Nighthawks,Dahlonega,Georgia,Peach Belt Conference
North Greenville University,D2,Crusaders,Tigerville,South Carolina,Conference Carolinas
Northeastern State University,D2,RiverHawks,Tahlequah,Oklahoma,Mid-America Intercollegiate Athletics Association
Northern Michigan University,D2,Wildcats,Marquette,Michigan,Great Lakes Intercollegiate Athletic Conference
Northern State University,D2,Wolves,Aberdeen,South Dakota,Northern Sun Intercollegiate Conference
Northwest Missouri State University,D2,Bearcats,Maryville,Missouri,Mid-America Intercollegiate Athletics Association
Northwest Nazarene University,D2,Crusaders,Nampa,Idaho,Great Northwest Athletic Conference
Northwestern Oklahoma State University,D2,Rangers,Alva,Oklahoma,Great American Conference
Northwood University,D2,Timberwolves,Midland,Michigan,Great Lakes Intercollegiate Athletic Conference
Notre Dame College,D2,Falcons,South Euclid,Ohio,Mountain East Conference
Notre Dame de Namur University,D2,Argonauts,Belmont,California,Pacific West Conference
Nova Southeastern University,D2,Sharks,Davie,Florida,Sunshine State Conference
Nyack College,D2,Warriors,Nyack,New York,Central Atlantic Collegiate Conference
Oakland City University,D2,Mighty Oaks,Oakland City,Indiana,Independent
Ohio Dominican University,D2,Panthers,Columbus,Ohio,Great Midwest Athletic Conference
Ohio Valley University,D2,Fighting Scots,Vienna,West Virginia,Great Midwest Athletic Conference
Oklahoma Baptist University,D2,Bison,Shawnee,Oklahoma,Great American Conference
Oklahoma Christian University,D2,Eagles & Lady Eagles,Oklahoma City,Oklahoma,Heartland Conference
Ouachita Baptist University,D2,Tigers,Arkadelphia,Arkansas,Great American Conference
Pace University,D2,Setters,Pleasantville,New York,Northeast-10 Conference
Paine College,D2,Lions,Augusta,Georgia,Southern Intercollegiate Athletic Conference
Palm Beach Atlantic University,D2,Sailfish,West Palm Beach,Florida,Sunshine State Conference
Pittsburg State University,D2,Gorillas,Pittsburg,Kansas,Mid-America Intercollegiate Athletics Association
University of Pittsburgh at Johnstown,D2,Mountain Cats,Johnstown,Pennsylvania,Pennsylvania State Athletic Conference
Point Loma Nazarene University,D2,Sea Lions,San Diego,California,Pacific West Conference
Post University,D2,Eagles,Waterbury,Connecticut,Central Atlantic Collegiate Conference
Queens University of Charlotte,D2,Royals,Charlotte,North Carolina,South Atlantic Conference
Queens College,D2,Knights,Flushing,New York,East Coast Conference
Quincy University,D2,Hawks,Quincy,Illinois,Great Lakes Valley Conference
Regis University,D2,Rangers,Denver,Colorado,Rocky Mountain Athletic Conference
Roberts Wesleyan College,D2,Redhawks,North Chili,New York,East Coast Conference
Rockhurst University,D2,Hawks,Kansas City,Missouri,Great Lakes Valley Conference
Rogers State University,D2,Hillcats,Claremore,Oklahoma,Heartland Conference
Rollins College,D2,Tars,Winter Park,Florida,Sunshine State Conference
Saginaw Valley State University,D2,Cardinals,University Center,Michigan,Great Lakes Intercollegiate Athletic Conference
Saint Anselm College,D2,Hawks,Goffstown,New Hampshire,Northeast-10 Conference
Saint Augustine's University,D2,Falcons,Raleigh,North Carolina,Central Intercollegiate Athletic Association
St. Cloud State University,D2,Huskies,St. Cloud,Minnesota,Northern Sun Intercollegiate Conference
St. Edward's University,D2,Hilltoppers,Austin,Texas,Heartland Conference
Saint Leo University,D2,Lions,St. Leo,Florida,Sunshine State Conference
Saint Martin's University,D2,Saints,Lacey,Washington,Great Northwest Athletic Conference
St. Mary's University,D2,Rattlers,San Antonio,Texas,Heartland Conference
Saint Michael's College,D2,Purple Knights,Colchester,Vermont,Northeast-10 Conference
College of Saint Rose,D2,Golden Knights,Albany,New York,Northeast-10 Conference
St. Thomas Aquinas College,D2,Spartans,Sparkill,New York,East Coast Conference
Salem University,D2,Tigers,Salem,West Virginia,Independent
San Francisco State University,D2,Gators,San Francisco,California,California Collegiate Athletic Association
University of the Sciences,D2,Devils,Philadelphia,Pennsylvania,Central Atlantic Collegiate Conference
Seattle Pacific University,D2,Falcons,Seattle,Washington,Great Northwest Athletic Conference
Seton Hill University,D2,Griffins,Greensburg,Pennsylvania,Pennsylvania State Athletic Conference
Shaw University,D2,Bears,Raleigh,North Carolina,Central Intercollegiate Athletic Association
Shepherd University,D2,Rams,Shepherdstown,West Virginia,Mountain East Conference
Shippensburg University of Pennsylvania,D2,Raiders,Shippensburg,Pennsylvania,Pennsylvania State Athletic Conference
Shorter University,D2,Hawks,Rome,Georgia,Gulf South Conference
Simon Fraser University,D2,Clan,Burnaby,British Columbia,Great Northwest Athletic Conference
University of Sioux Falls,D2,Cougars,Sioux Falls,South Dakota,Northern Sun Intercollegiate Conference
Slippery Rock University of Pennsylvania,D2,The Rock,Slippery Rock,Pennsylvania,Pennsylvania State Athletic Conference
Sonoma State University,D2,Seawolves,Rohnert Park,California,California Collegiate Athletic Association
University of South Carolina Aiken,D2,Pacers,Aiken,South Carolina,Peach Belt Conference
South Dakota School of Mines and Technology,D2,Hardrockers,Rapid City,South Dakota,Rocky Mountain Athletic Conference
Southeastern Oklahoma State University,D2,Savage Storm,Durant,Oklahoma,Great American Conference
Southern Arkansas University,D2,Muleriders,Magnolia,Arkansas,Great American Conference
Southern Connecticut State University,D2,Owls,New Haven,Connecticut,Northeast-10 Conference
University of Southern Indiana,D2,Screaming Eagles,Evansville,Indiana,Great Lakes Valley Conference
Southern Nazarene University,D2,Crimson Storm,Bethany,Oklahoma,Great American Conference
Southern New Hampshire University,D2,Penmen,Manchester,New Hampshire,Northeast-10 Conference
Southern Wesleyan University,D2,Warriors,Central,South Carolina,Conference Carolinas
Southwest Baptist University,D2,Bearcats,Bolivar,Missouri,Mid-America Intercollegiate Athletics Association
Southwest Minnesota State University,D2,Mustangs,Marshall,Minnesota,Northern Sun Intercollegiate Conference
Southwestern Oklahoma State University,D2,Bulldogs,Weatherford,Oklahoma,Great American Conference
Stonehill College,D2,Skyhawks,Easton,Massachusetts,Northeast-10 Conference
University of Tampa,D2,Spartans,Tampa,Florida,Sunshine State Conference
Tarleton State University,D2,Texans & TexAnns,Stephenville,Texas,Lone Star Conference
Texas A&M University-Commerce,D2,Lions,Commerce,Texas,Lone Star Conference
Texas A&M University-Kingsville,D2,Javelinas,Kingsville,Texas,Lone Star Conference
Texas A&M International University,D2,Dustdevils,Laredo,Texas,Heartland Conference
Texas Woman's University,D2,Pioneers,Denton,Texas,Lone Star Conference
University of Texas of the Permian Basin,D2,Falcons,Odessa,Texas,Lone Star Conference
Thomas Jefferson University,D2,Rams,Philadelphia,Pennsylvania,Central Atlantic Collegiate Conference
Tiffin University,D2,Dragons,Tiffin,Ohio,Great Midwest Athletic Conference
Trevecca Nazarene University,D2,Trojans,Nashville,Tennessee,Great Midwest Athletic Conference
Truman State University,D2,Bulldogs,Kirksville,Missouri,Great Lakes Valley Conference
Tusculum College,D2,Pioneers,Greeneville,Tennessee,South Atlantic Conference
Tuskegee University,D2,Golden Tigers,Tuskegee,Alabama,Southern Intercollegiate Athletic Conference
Union University,D2,Bulldogs,Jackson,Tennessee,Gulf South Conference
Upper Iowa University,D2,Peacocks,Fayette,Iowa,Northern Sun Intercollegiate Conference
Urbana University,D2,Blue Knights,Urbana,Ohio,Mountain East Conference
Ursuline College,D2,Arrows,Pepper Pike,Ohio,Great Midwest Athletic Conference
Valdosta State University,D2,Blazers,Valdosta,Georgia,Gulf South Conference
Virginia State University,D2,Trojans,Ettrick,Virginia,Central Intercollegiate Athletic Association
Virginia Union University,D2,Panthers,Richmond,Virginia,Central Intercollegiate Athletic Association
University of Virginia's College at Wise,D2,Highland Cavaliers,Wise,Virginia,Mountain East Conference
Walsh University,D2,Cavaliers,North Canton,Ohio,Great Midwest Athletic Conference
Washburn University,D2,Ichabods,Topeka,Kansas,Mid-America Intercollegiate Athletics Association
Wayne State University,D2,Warriors,Detroit,Michigan,Great Lakes Intercollegiate Athletic Conference
Wayne State College,D2,Wildcats,Wayne,Nebraska,Northern Sun Intercollegiate Conference
University of West Alabama,D2,Tigers,Livingston,Alabama,Gulf South Conference
West Chester University,D2,Golden Rams,West Chester,Pennsylvania,Pennsylvania State Athletic Conference
University of West Florida,D2,Argonauts,Pensacola,Florida,Gulf South Conference
University of West Georgia,D2,Wolves,Carrollton,Georgia,Gulf South Conference
West Liberty University,D2,Hilltoppers,West Liberty,West Virginia,Mountain East Conference
West Texas A&M University,D2,Buffaloes,Canyon,Texas,Lone Star Conference
West Virginia State University,D2,Yellow Jackets,Institute,West Virginia,Mountain East Conference
West Virginia Wesleyan College,D2,Bobcats,Buckhannon,West Virginia,Mountain East Conference
Western New Mexico University,D2,Mustangs,Silver City,New Mexico,Lone Star Conference
Western Oregon University,D2,Wolves,Monmouth,Oregon,Great Northwest Athletic Conference
Western State Colorado University,D2,Mountaineers,Gunnison,Colorado,Rocky Mountain Athletic Conference
Western Washington University,D2,Vikings,Bellingham,Washington,Great Northwest Athletic Conference
Wheeling Jesuit University,D2,Cardinals,Wheeling,West Virginia,Mountain East Conference
William Jewell College,D2,Cardinals,Liberty,Missouri,Great Lakes Valley Conference
Wilmington University,D2,Wildcats,New Castle,Delaware,Central Atlantic Collegiate Conference
Wingate University,D2,Bulldogs,Wingate,North Carolina,South Atlantic Conference
Winona State University,D2,Warriors,Winona,Minnesota,Northern Sun Intercollegiate Conference
Winston-Salem State University,D2,Rams,Winston-Salem,North Carolina,Central Intercollegiate Athletic Association
University of Wisconsin-Parkside,D2,Rangers,Kenosha,Wisconsin,Great Lakes Intercollegiate Athletic Conference
Young Harris College,D2,Mountain Lions,Young Harris,Georgia,Peach Belt Conference
Adrian College,D3,Bulldogs,Adrian,Michigan,Michigan Intercollegiate Athletic Association
Agnes Scott College,D3,Scotties,Decatur,Georgia,USA South Athletic Conference
Albertus Magnus College,D3,Falcons,New Haven,Connecticut,Great Northeast Athletic Conference
Albion College,D3,Britons,Albion,Michigan,Michigan Intercollegiate Athletic Association
Albright College,D3,Lions,Reading,Pennsylvania,MAC Commonwealth Conference
Alfred University,D3,Saxons,Alfred,New York,Empire 8
Alfred State College,D3,Pioneers,Alfred,New York,American Collegiate Athletic Association(Allegheny Mountain Collegiate Conference in 2019)
Allegheny College,D3,Gators,Meadville,Pennsylvania,North Coast Athletic Conference
Alma College,D3,Scots,Alma,Michigan,Michigan Intercollegiate Athletic Association
Alvernia University,D3,Golden Wolves,Reading,Pennsylvania,MAC Commonwealth Conference
Alverno College,D3,Inferno,Milwaukee,Wisconsin,Northern Athletics Collegiate Conference
Amherst College,D3,Mammoths,Amherst,Massachusetts,New England Small College Athletic Conference
Anderson University,D3,Ravens and Lady Ravens,Anderson,Indiana,Heartland Collegiate Athletic Conference
Anna Maria College,D3,AMCATS,Paxton,Massachusetts,Great Northeast Athletic Conference
Arcadia University,D3,Knights,Glenside,Pennsylvania,MAC Commonwealth Conference
Augsburg University,D3,Auggies,Minneapolis,Minnesota,Minnesota Intercollegiate Athletic Conference
Augustana College,D3,Vikings,Rock Island,Illinois,College Conference of Illinois and Wisconsin
Aurora University,D3,Spartans,Aurora,Illinois,Northern Athletics Collegiate Conference
Austin College,D3,Kangaroos,Sherman,Texas,Southern Collegiate Athletic Conference
Averett University,D3,Cougars,Danville,Virginia,USA South Athletic Conference
Babson College,D3,Beavers,Wellesley,Massachusetts,New England Women's and Men's Athletic Conference
Baldwin Wallace University,D3,Yellow Jackets,Berea,Ohio,Ohio Athletic Conference
Bard College,D3,Raptors,Annandale-on-Hudson,New York,Liberty League
Baruch College,D3,Bearcats,New York,New York,City University of New York Athletic Conference
Bates College,D3,Bobcats,Lewiston,Maine,New England Small College Athletic Conference
Bay Path University,D3,Wildcats,Longmeadow,Massachusetts,New England Collegiate Conference
Becker College,D3,Hawks,Worcester/Leicester,Massachusetts,New England Collegiate Conference
Belhaven University,D3,Blazers,Jackson,Mississippi,American Southwest Conference
Beloit College,D3,Buccaneers,Beloit,Wisconsin,Midwest Conference
Benedictine University,D3,Eagles,Lisle,Illinois,Northern Athletics Collegiate Conference
Berea College,D3,Mountaineers,Berea,Kentucky,USA South Athletic Conference
Berry College,D3,Vikings,Mount Berry,Georgia,Southern Athletic Association
Bethany College,D3,Bison,Bethany,West Virginia,Presidents' Athletic Conference
Bethany Lutheran College,D3,Vikings,Mankato,Minnesota,Upper Midwest Athletic Conference
Bethel University,D3,Royals,Arden Hills,Minnesota,Minnesota Intercollegiate Athletic Conference
Birmingham-Southern College,D3,Panthers,Birmingham,Alabama,Southern Athletic Association
Blackburn College,D3,Beavers,Carlinville,Illinois,St. Louis Intercollegiate Athletic Conference
Bluffton University,D3,Beavers,Bluffton,Ohio,Heartland Collegiate Athletic Conference
Bowdoin College,D3,Polar Bears,Brunswick,Maine,New England Small College Athletic Conference
Brandeis University,D3,Judges,Waltham,Massachusetts,University Athletic Association
Brevard College,D3,Tornados,Brevard,North Carolina,USA South Athletic Conference
Bridgewater College,D3,Eagles,Bridgewater,Virginia,Old Dominion Athletic Conference
Bridgewater State University,D3,Bears,Bridgewater,Massachusetts,Massachusetts State Collegiate Athletic Conference
Brooklyn College,D3,Bulldogs,Brooklyn,New York,City University of New York Athletic Conference
Bryn Athyn College,D3,Lions,Bryn Athyn,Pennsylvania,Colonial States Athletic Conference
Bryn Mawr College,D3,Owls,Bryn Mawr,Pennsylvania,Centennial Conference
Buena Vista University,D3,Beavers,Storm Lake,Iowa,Iowa Intercollegiate Athletic Conference
Buffalo State College,D3,Bengals,Buffalo,New York,State University of New York Athletic Conference
Cabrini University,D3,Cavaliers,Radnor,Pennsylvania,Atlantic East Conference
Cairn University,D3,Highlanders,Langhorne,Pennsylvania,Colonial States Athletic Conference
California Institute of Technology,D3,Beavers,Pasadena,California,Southern California Intercollegiate Athletic Conference
California Lutheran University,D3,Kingsmen,Thousand Oaks,California,Southern California Intercollegiate Athletic Conference
University of California, Santa Cruz,D3,Banana Slugs,Santa Cruz,California,Independent
Calvin College,D3,Knights,Grand Rapids,Michigan,Michigan Intercollegiate Athletic Association
Capital University,D3,Crusaders,Columbus,Ohio,Ohio Athletic Conference
Carleton College,D3,Knights,Northfield,Minnesota,Minnesota Intercollegiate Athletic Conference
Carnegie Mellon University,D3,Tartans,Pittsburgh,Pennsylvania,University Athletic Association
Carroll University,D3,Pioneers,Waukesha,Wisconsin,College Conference of Illinois and Wisconsin
Carthage College,D3,Red Men/Lady Reds,Kenosha,Wisconsin,College Conference of Illinois and Wisconsin
Case Western Reserve University,D3,Spartans,Cleveland,Ohio,University Athletic Association
Castleton University,D3,Spartans,Castleton,Vermont,Little East Conference
Catholic University of America,D3,Cardinals,Washington,District of Columbia,Landmark Conference
Cazenovia College,D3,Wildcats,Cazenovia,New York,North Eastern Athletic Conference
Cedar Crest College,D3,Falcons,Allentown,Pennsylvania,Colonial States Athletic Conference
Centenary College of Louisiana,D3,Gents and Ladies,Shreveport,Louisiana,Southern Collegiate Athletic Conference
Centenary College of New Jersey,D3,Cyclones,Hackettstown,New Jersey,Colonial States Athletic Conference
Central College,D3,Dutch,Pella,Iowa,Iowa Intercollegiate Athletic Conference
Centre College,D3,Colonels,Danville,Kentucky,Southern Athletic Association
Chapman University,D3,Panthers,Orange,California,Southern California Intercollegiate Athletic Conference
Chatham University,D3,Cougars,Pittsburgh,Pennsylvania,Presidents' Athletic Conference
University of Chicago,D3,Maroons,Chicago,Illinois,University Athletic Association
Christopher Newport University,D3,Captains,Newport News,Virginia,Capital Athletic Conference
City College of New York (CCNY),D3,Beavers,New York,New York,City University of New York Athletic Conference
Claremont-Mudd-Scripps,D3,Stags and Athenas,Claremont,California,Southern California Intercollegiate Athletic Conference
Clark University,D3,Cougars,Worcester,Massachusetts,New England Women's and Men's Athletic Conference
Clarks Summit University,D3,Defenders,Clarks Summit,Pennsylvania,Colonial States Athletic Conference
Clarkson University,D3,Golden Knights,Potsdam,New York,Liberty League
Coe College,D3,Kohawks,Cedar Rapids,Iowa,Iowa Intercollegiate Athletic Conference
Colby College,D3,White Mules,Waterville,Maine,New England Small College Athletic Conference
Colby-Sawyer College,D3,Chargers,New London,New Hampshire,Great Northeast Athletic Conference
Colorado College,D3,Tigers,Colorado Springs,Colorado,Southern Collegiate Athletic Conference
Concordia College,D3,Cobbers,Moorhead,Minnesota,Minnesota Intercollegiate Athletic Conference
Concordia University Chicago,D3,Cougars,River Forest,Illinois,Northern Athletics Collegiate Conference
Concordia University Texas,D3,Tornados,Austin,Texas,American Southwest Conference
Concordia University Wisconsin,D3,Falcons,Mequon,Wisconsin,Northern Athletics Collegiate Conference
Connecticut College,D3,Camels,New London,Connecticut,New England Small College Athletic Conference
Cornell College,D3,Rams,Mount Vernon,Iowa,Midwest Conference
Covenant College,D3,Scots,Lookout Mountain,Georgia,USA South Athletic Conference
Crown College,D3,Storm,St. Bonifacius,Minnesota,Upper Midwest Athletic Conference
Curry College,D3,Colonels,Milton,Massachusetts,Commonwealth Coast Conference
University of Dallas,D3,Crusaders,Irving,Texas,Southern Collegiate Athletic Conference
Dean College,D3,Bulldogs,Franklin,Massachusetts,New England Collegiate Conference
Defiance College,D3,Yellow Jackets and Lady Jackets,Defiance,Ohio,Heartland Collegiate Athletic Conference
Delaware Valley University,D3,Aggies,Doylestown,Pennsylvania,MAC Freedom Conference
Denison University,D3,Big Red,Granville,Ohio,North Coast Athletic Conference
DePauw University,D3,Tigers,Greencastle,Indiana,North Coast Athletic Conference
DeSales University,D3,Bulldogs,Center Valley,Pennsylvania,MAC Freedom Conference
Dickinson College,D3,Red Devils,Carlisle,Pennsylvania,Centennial Conference
Dominican University,D3,Stars,River Forest,Illinois,Northern Athletics Collegiate Conference
Drew University,D3,Rangers,Madison,New Jersey,Landmark Conference
University of Dubuque,D3,Spartans,Dubuque,Iowa,Iowa Intercollegiate Athletic Conference
D'Youville College,D3,Spartans,Buffalo,New York,Allegheny Mountain Collegiate Conference
Earlham College,D3,Quakers,Richmond,Indiana,Heartland Collegiate Athletic Conference
East Texas Baptist University,D3,Tigers,Marshall,Texas,American Southwest Conference
Eastern Connecticut State University,D3,Warriors,Willimantic,Connecticut,Little East Conference
Eastern Mennonite University,D3,Royals,Harrisonburg,Virginia,Old Dominion Athletic Conference
Eastern Nazarene College,D3,Lions,Quincy,Massachusetts,New England Collegiate Conference
Eastern University,D3,Eagles,St. Davids,Pennsylvania,MAC Freedom Conference
Edgewood College,D3,Eagles,Madison,Wisconsin,Northern Athletics Collegiate Conference
Elizabethtown College,D3,Blue Jays,Elizabethtown,Pennsylvania,Landmark Conference
Elmhurst College,D3,Bluejays,Elmhurst,Illinois,College Conference of Illinois and Wisconsin
Elmira College,D3,Soaring Eagles,Elmira,New York,Empire 8
Elms College,D3,Blazers,Chicopee,Massachusetts,New England Collegiate Conference
Emerson College,D3,Lions,Boston,Massachusetts,New England Women's and Men's Athletic Conference
Emmanuel College,D3,Saints,Boston,Massachusetts,Great Northeast Athletic Conference
Emory University,D3,Eagles,Atlanta,Georgia,University Athletic Association
Emory and Henry College,D3,Wasps,Emory,Virginia,Old Dominion Athletic Conference
Endicott College,D3,Gulls,Beverly,Massachusetts,Commonwealth Coast Conference
Eureka College,D3,Red Devils,Eureka,Illinois,St. Louis Intercollegiate Athletic Conference
Fairleigh Dickinson University, Florham,D3,Devils,Madison/Florham Park,New Jersey,MAC Freedom Conference
Farmingdale State College,D3,Rams,Farmingdale,New York,Skyline Conference
Ferrum College,D3,Panthers,Ferrum,Virginia,Old Dominion Athletic Conference
Finlandia University,D3,Lions,Hancock,Michigan,American Collegiate Athletic Association
Fitchburg State University,D3,Falcons,Fitchburg,Massachusetts,Massachusetts State Collegiate Athletic Conference
Fontbonne University,D3,Griffins,St. Louis,Missouri,St. Louis Intercollegiate Athletic Conference
Framingham State University,D3,Rams,Framingham,Massachusetts,Massachusetts State Collegiate Athletic Conference
Franciscan University of Steubenville,D3,Barons,Steubenville,Ohio,Allegheny Mountain Collegiate Conference
Franklin & Marshall College,D3,Diplomats,Lancaster,Pennsylvania,Centennial Conference
Franklin College,D3,Grizzlies,Franklin,Indiana,Heartland Collegiate Athletic Conference
Frostburg State University,D3,Bobcats,Frostburg,Maryland,Capital Athletic Conference
Gallaudet University,D3,Bison,Washington,District of Columbia,North Eastern Athletic Conference
Geneva College,D3,Golden Tornadoes,Beaver Falls,Pennsylvania,Presidents' Athletic Conference
George Fox University,D3,Bruins,Newberg,Oregon,Northwest Conference
Gettysburg College,D3,Bullets,Gettysburg,Pennsylvania,Centennial Conference
Gordon College,D3,Fighting Scots,Wenham,Massachusetts,Commonwealth Coast Conference
Goucher College,D3,Gophers,Towson,Maryland,Landmark Conference
Greensboro College,D3,Pride,Greensboro,North Carolina,USA South Athletic Conference
Greenville University,D3,Panthers,Greenville,Illinois,St. Louis Intercollegiate Athletic Conference
Grinnell College,D3,Pioneers,Grinnell,Iowa,Midwest Conference
Grove City College,D3,Wolverines,Grove City,Pennsylvania,Presidents' Athletic Conference
Guilford College,D3,Quakers,Greensboro,North Carolina,Old Dominion Athletic Conference
Gustavus Adolphus College,D3,Gusties,St. Peter,Minnesota,Minnesota Intercollegiate Athletic Conference
Gwynedd Mercy University,D3,Griffins,Lower Gwynedd Township,Pennsylvania,Atlantic East Conference
Hamilton College,D3,Continentals,Clinton,New York,New England Small College Athletic Conference
Hamline University,D3,Pipers,St. Paul,Minnesota,Minnesota Intercollegiate Athletic Conference
Hampden-Sydney College,D3,Tigers,Hampden Sydney,Virginia,Old Dominion Athletic Conference
Hanover College,D3,Panthers,Hanover,Indiana,Heartland Collegiate Athletic Conference
Hardin-Simmons University,D3,Cowboys and Cowgirls,Abilene,Texas,American Southwest Conference
Hartwick College,D3,Hawks,Oneonta,New York,Empire 8
Haverford College,D3,Fords,Haverford,Pennsylvania,Centennial Conference
Heidelberg University,D3,Student Princes,Tiffin,Ohio,Ohio Athletic Conference
Hendrix College,D3,Warriors,Conway,Arkansas,Southern Athletic Association
Hilbert College,D3,Hawks,Hamburg,New York,Allegheny Mountain Collegiate Conference
Hiram College,D3,Terriers,Hiram,Ohio,North Coast Athletic Conference
Hobart College,D3,Statesmen,Geneva,New York,Liberty League
Hollins University,D3,None,Roanoke,Virginia,Old Dominion Athletic Conference
Hood College,D3,Blazers,Frederick,Maryland,MAC Commonwealth Conference
Hope College,D3,Flying Dutchmen,Holland,Michigan,Michigan Intercollegiate Athletic Association
Houghton College,D3,Highlanders,Houghton,New York,Empire 8
Howard Payne University,D3,Yellow Jackets,Brownwood,Texas,American Southwest Conference
Hunter College,D3,Hawks,New York,New York,City University of New York Athletic Conference
Huntingdon College,D3,Hawks,Montgomery,Alabama,USA South Athletic Conference
Husson University,D3,Eagles,Bangor,Maine,North Atlantic Conference
Illinois College,D3,Blueboys and Lady Blues,Jacksonville,Illinois,Midwest Conference
Illinois Institute of Technology,D3,Scarlet Hawks,Chicago,Illinois,Northern Athletics Collegiate Conference
Illinois Wesleyan University,D3,Titans,Bloomington,Illinois,College Conference of Illinois and Wisconsin
Immaculata University,D3,Mighty Macs,Immaculata,Pennsylvania,Atlantic East Conference
Iowa Wesleyan University,D3,Tigers,Mt. Pleasant,Iowa,St. Louis Intercollegiate Athletic Conference
Ithaca College,D3,Bombers,Ithaca,New York,Liberty League
John Carroll University,D3,Blue Streaks,University Heights,Ohio,Ohio Athletic Conference
John Jay College of Criminal Justice,D3,Bloodhounds,New York,New York,City University of New York Athletic Conference
Johns Hopkins University,D3,Blue Jays,Baltimore,Maryland,Centennial Conference
Johnson & Wales University,D3,Wildcats,Providence,Rhode Island,Great Northeast Athletic Conference
Johnson & Wales University-Denver,D3,Wildcats,Denver,Colorado,Southern Collegiate Athletic Conference
Juniata College,D3,Eagles,Huntingdon,Pennsylvania,Landmark Conference
Kalamazoo College,D3,Hornets,Kalamazoo,Michigan,Michigan Intercollegiate Athletic Association
Kean University,D3,Cougars,Union Township,New Jersey,New Jersey Athletic Conference
Keene State College,D3,Owls,Keene,New Hampshire,Little East Conference
Kenyon College,D3,Lords and Ladies,Gambier,Ohio,North Coast Athletic Conference
Keuka College,D3,Wolves,Keuka Park,New York,North Eastern Athletic Conference
Keystone College,D3,Giants,La Plume Township,Pennsylvania,Colonial States Athletic Conference
King's College,D3,Monarchs,Wilkes-Barre,Pennsylvania,MAC Freedom Conference
Knox College,D3,Prairie Fire,Galesburg,Illinois,Midwest Conference
La Roche College,D3,Redhawks,Pittsburgh,Pennsylvania,Allegheny Mountain Collegiate Conference
University of La Verne,D3,Leopards,La Verne,California,Southern California Intercollegiate Athletic Conference
LaGrange College,D3,Panthers,LaGrange,Georgia,USA South Athletic Conference
Lake Forest College,D3,Foresters,Lake Forest,Illinois,Midwest Conference
Lakeland College,D3,Muskies,Sheboygan,Wisconsin,Northern Athletics Collegiate Conference
Lancaster Bible College,D3,Chargers,Lancaster,Pennsylvania,North Eastern Athletic Conference
Lasell College,D3,Lasers,Newton,Massachusetts,Great Northeast Athletic Conference
Lawrence University,D3,Vikings,Appleton,Wisconsin,Midwest Conference
Lebanon Valley College,D3,Flying Dutchmen,Annville,Pennsylvania,MAC Commonwealth Conference
Lehman College,D3,Lightning,The Bronx,New York,City University of New York Athletic Conference
Lesley University,D3,Lynx,Boston,Massachusetts,New England Collegiate Conference
LeTourneau University,D3,Yellow Jackets,Longview,Texas,American Southwest Conference
Lewis & Clark College,D3,Pioneers,Portland,Oregon,Northwest Conference
Linfield College,D3,Wildcats,McMinnville,Oregon,Northwest Conference
Loras College,D3,Duhawks,Dubuque,Iowa,Iowa Intercollegiate Athletic Conference
Louisiana College,D3,Wildcats,Pineville,Louisiana,American Southwest Conference
Luther College,D3,Norse,Decorah,Iowa,Iowa Intercollegiate Athletic Conference
Lycoming College,D3,Warriors,Williamsport,Pennsylvania,MAC Commonwealth Conference
Lynchburg College,D3,Hornets,Lynchburg,Virginia,Old Dominion Athletic Conference
Macalester College,D3,Scots,St. Paul,Minnesota,Minnesota Intercollegiate Athletic Conference
MacMurray College,D3,Highlanders,Jacksonville,Illinois,St. Louis Intercollegiate Athletic Conference
University of Maine at Farmington,D3,Beavers,Farmington,Maine,North Atlantic Conference
Maine Maritime Academy,D3,Mariners,Castine,Maine,North Atlantic Conference
University of Maine at Presque Isle,D3,Owls,Presque Isle,Maine,American Collegiate Athletic Association
Manchester University,D3,Spartans,North Manchester,Indiana,Heartland Collegiate Athletic Conference
Manhattanville College,D3,Valiants,Purchase,New York,MAC Freedom Conference(Skyline Conference in 2019)
Maranatha Baptist University,D3,Sabercats,Watertown,Wisconsin,Independent
Marian University,D3,Sabres,Fond du Lac,Wisconsin,Northern Athletics Collegiate Conference
Marietta College,D3,Pioneers,Marietta,Ohio,Ohio Athletic Conference
Martin Luther College,D3,Knights,New Ulm,Minnesota,Upper Midwest Athletic Conference
Mary Baldwin University,D3,Fighting Squirrels,Staunton,Virginia,USA South Athletic Conference
University of Mary Hardin-Baylor,D3,Crusaders,Belton,Texas,American Southwest Conference
University of Mary Washington,D3,Eagles,Fredericksburg,Virginia,Capital Athletic Conference
Marymount University,D3,Saints,Arlington,Virginia,Atlantic East Conference
Maryville College,D3,Scots,Maryville,Tennessee,USA South Athletic Conference
Marywood University,D3,Pacers,Scranton,Pennsylvania,Atlantic East Conference
University of Massachusetts Boston,D3,Beacons,Boston,Massachusetts,Little East Conference
Massachusetts College of Liberal Arts,D3,Trailblazers,North Adams,Massachusetts,Massachusetts State Collegiate Athletic Conference
University of Massachusetts Dartmouth,D3,Corsairs,Dartmouth,Massachusetts,Little East Conference
Massachusetts Institute of Technology,D3,Engineers,Cambridge,Massachusetts,New England Women's and Men's Athletic Conference
Massachusetts Maritime Academy,D3,Buccaneers,Buzzards Bay,Massachusetts,Massachusetts State Collegiate Athletic Conference
McDaniel College,D3,Green Terror,Westminster,Maryland,Centennial Conference
McMurry University,D3,War Hawks,Abilene,Texas,American Southwest Conference
Medaille College,D3,Mavericks,Buffalo,New York,Allegheny Mountain Collegiate Conference
Medgar Evers College,D3,Cougars,Brooklyn,New York,City University of New York Athletic Conference
Meredith College,D3,Angels,Raleigh,North Carolina,USA South Athletic Conference
Messiah College,D3,Falcons,Grantham,Pennsylvania,MAC Commonwealth Conference
Methodist University,D3,Monarchs,Fayetteville,North Carolina,USA South Athletic Conference
Middlebury College,D3,Panthers,Middlebury,Vermont,New England Small College Athletic Conference
Millikin University,D3,Big Blue,Decatur,Illinois,College Conference of Illinois and Wisconsin
Mills College,D3,Cyclones,Oakland,California,American Collegiate Athletic Association
Millsaps College,D3,Majors and Lady Majors,Jackson,Mississippi,Southern Athletic Association
Milwaukee School of Engineering,D3,Raiders,Milwaukee,Wisconsin,Northern Athletics Collegiate Conference
University of Minnesota Morris,D3,Cougars,Morris,Minnesota,Upper Midwest Athletic Conference
Misericordia University,D3,Cougars,Dallas,Pennsylvania,MAC Freedom Conference
Mitchell College,D3,Mariners,New London,Connecticut,New England Collegiate Conference
Monmouth College,D3,Scots,Monmouth,Illinois,Midwest Conference
Montclair State University,D3,Red Hawks,Montclair,New Jersey,New Jersey Athletic Conference
Moravian College,D3,Greyhounds,Bethlehem,Pennsylvania,Landmark Conference
Morrisville State College,D3,Mustangs,Morrisville,New York,North Eastern Athletic Conference
Mount Aloysius College,D3,Mounties,Cresson,Pennsylvania,Allegheny Mountain Collegiate Conference
Mount Holyoke College,D3,Lyons,South Hadley,Massachusetts,New England Women's and Men's Athletic Conference
Mount Mary University,D3,Blue Angels,Milwaukee,Wisconsin,Independent
Mount St. Joseph University,D3,Lions,Cincinnati,Ohio,Heartland Collegiate Athletic Conference
Mount Saint Mary College,D3,Knights,Newburgh,New York,Skyline Conference
College of Mount Saint Vincent,D3,Dolphins,The Bronx,New York,Skyline Conference
University of Mount Union,D3,Purple Raiders,Alliance,Ohio,Ohio Athletic Conference
Muhlenberg College,D3,Mules,Allentown,Pennsylvania,Centennial Conference
Muskingum University,D3,Fighting Muskies,New Concord,Ohio,Ohio Athletic Conference
Nazareth College,D3,Golden Flyers,Pittsford,New York,Empire 8
Nebraska Wesleyan University,D3,Prairie Wolves,Lincoln,Nebraska,Iowa Intercollegiate Athletic Conference
Neumann University,D3,Knights,Aston,Pennsylvania,Atlantic East Conference
New England College,D3,Pilgrims,Henniker,New Hampshire,New England Collegiate Conference
University of New England,D3,Nor'easters,Biddeford,Maine,Commonwealth Coast Conference
The College of New Jersey,D3,Lions,Ewing,New Jersey,New Jersey Athletic Conference
New Jersey City University,D3,Gothic Knights,Jersey City,New Jersey,New Jersey Athletic Conference
College of New Rochelle,D3,Blue Angels,New Rochelle,New York,Independent
State University of New York at Brockport,D3,Golden Eagles,Brockport,New York,State University of New York Athletic Conference
State University of New York at Canton,D3,Kangaroos,Canton,New York,American Collegiate Athletic Association
State University of New York at Cobleskill,D3,Fighting Tigers,Cobleskill,New York,North Eastern Athletic Conference
State University of New York at Cortland,D3,Red Dragons,Cortland,New York,State University of New York Athletic Conference
State University of New York at Delhi,D3,Broncos,Delhi,New York,American Collegiate Athletic Association
State University of New York at Fredonia,D3,Blue Devils,Fredonia,New York,State University of New York Athletic Conference
State University of New York at Geneseo,D3,Knights,Geneseo,New York,State University of New York Athletic Conference
State University of New York Maritime College,D3,Privateers,The Bronx,New York,Skyline Conference
State University of New York Polytechnic Institute,D3,Wildcats,Marcy,New York,North Eastern Athletic Conference
State University of New York at New Paltz,D3,Hawks,New Paltz,New York,State University of New York Athletic Conference
State University of New York at Old Westbury,D3,Panthers,Old Westbury,New York,Skyline Conference
State University of New York at Oneonta,D3,Red Dragons,Oneonta,New York,State University of New York Athletic Conference
State University of New York at Oswego,D3,Lakers,Oswego,New York,State University of New York Athletic Conference
State University of New York at Plattsburgh,D3,Cardinals,Plattsburgh,New York,State University of New York Athletic Conference
State University of New York at Potsdam,D3,Bears,Potsdam,New York,State University of New York Athletic Conference
State University of New York at Purchase,D3,Panthers,Purchase,New York,Skyline Conference
New York University (NYU),D3,Violets,New York,New York,University Athletic Association
Newbury College,D3,Nighthawks,Brookline,Massachusetts,New England Collegiate Conference
Nichols College,D3,Bison,Dudley,Massachusetts,Commonwealth Coast Conference
North Carolina Wesleyan College,D3,Bishops,Rocky Mount,North Carolina,USA South Athletic Conference
North Central College,D3,Cardinals,Naperville,Illinois,College Conference of Illinois and Wisconsin
North Central University,D3,Rams,Minneapolis,Minnesota,Upper Midwest Athletic Conference
North Park University,D3,Vikings,Chicago,Illinois,College Conference of Illinois and Wisconsin
Northern Vermont University-Johnson,D3,Badgers,Johnson,Vermont,North Atlantic Conference
Northern Vermont University-Lyndon,D3,Hornets,Lyndonville,Vermont,North Atlantic Conference
Northland College,D3,Lumberjacks and Lumberjills,Ashland,Wisconsin,Upper Midwest Athletic Conference
University of Northwestern - St. Paul,D3,Eagles,Roseville,Minnesota,Upper Midwest Athletic Conference
Norwich University,D3,Cadets,Northfield,Vermont,Great Northeast Athletic Conference
Notre Dame of Maryland University,D3,Gators,Baltimore,Maryland,Colonial States Athletic Conference
Oberlin College,D3,Yeomen and Yeowomen,Oberlin,Ohio,North Coast Athletic Conference
Occidental College,D3,Tigers,Los Angeles,California,Southern California Intercollegiate Athletic Conference
Oglethorpe University,D3,Stormy Petrels,Atlanta,Georgia,Southern Athletic Association
Ohio Northern University,D3,Polar Bears,Ada,Ohio,Ohio Athletic Conference
Ohio Wesleyan University,D3,Battling Bishops,Delaware,Ohio,North Coast Athletic Conference
Olivet College,D3,Comets,Olivet,Michigan,Michigan Intercollegiate Athletic Association
Otterbein University,D3,Cardinals,Westerville,Ohio,Ohio Athletic Conference
University of the Ozarks,D3,Eagles,Clarksville,Arkansas,American Southwest Conference
Pacific Lutheran University,D3,Lutes,Tacoma,Washington,Northwest Conference
Pacific University,D3,Boxers,Forest Grove,Oregon,Northwest Conference
Pennsylvania College of Technology,D3,Wildcats,Williamsport,Pennsylvania,North Eastern Athletic Conference
Pennsylvania State University, Abington,D3,Nittany Lions,Abington,Pennsylvania,North Eastern Athletic Conference
Pennsylvania State University, Altoona,D3,Lions,Altoona,Pennsylvania,Allegheny Mountain Collegiate Conference
Pennsylvania State University, Berks College,D3,Nittany Lions,Reading,Pennsylvania,North Eastern Athletic Conference
Pennsylvania State University, Erie,D3,Lions,Erie,Pennsylvania,Allegheny Mountain Collegiate Conference
Pennsylvania State University, Harrisburg,D3,Lions,Harrisburg,Pennsylvania,Capital Athletic Conference(North Eastern Athletic Conference in 2019)
Pfeiffer University,D3,Falcons,Misenheimer,North Carolina,USA South Athletic Conference
Piedmont College,D3,Lions,Demorest,Georgia,USA South Athletic Conference
Pine Manor College,D3,Gators,Chestnut Hill,Massachusetts,American Collegiate Athletic Association
University of Pittsburgh at Bradford,D3,Panthers,Bradford,Pennsylvania,Allegheny Mountain Collegiate Conference
University of Pittsburgh at Greensburg,D3,Bobcats,Greensburg,Pennsylvania,Allegheny Mountain Collegiate Conference
Plymouth State University,D3,Panthers,Plymouth,New Hampshire,Little East Conference
Pomona College and Pitzer College,D3,Sagehens,Claremont,California,Southern California Intercollegiate Athletic Conference
Pratt Institute,D3,Cannoneers,Brooklyn,New York,American Collegiate Athletic Association
Principia College,D3,Panthers,Elsah,Illinois,St. Louis Intercollegiate Athletic Conference
University of Puget Sound,D3,Loggers,Tacoma,Washington,Northwest Conference
Ramapo College,D3,Roadrunners,Mahwah,New Jersey,New Jersey Athletic Conference
Randolph College,D3,WildCats,Lynchburg,Virginia,Old Dominion Athletic Conference
Randolph-Macon College,D3,Yellow Jackets,Ashland,Virginia,Old Dominion Athletic Conference
University of Redlands,D3,Bulldogs,Redlands,California,Southern California Intercollegiate Athletic Conference
Regis College,D3,Pride,Weston,Massachusetts,Great Northeast Athletic Conference
Rensselaer Polytechnic Institute,D3,Engineers,Troy,New York,Liberty League
Rhode Island College,D3,Anchormen,Providence,Rhode Island,Little East Conference
Rhodes College,D3,Lynx,Memphis,Tennessee,Southern Athletic Association
Ripon College,D3,Red Hawks,Ripon,Wisconsin,Midwest Conference
Rivier University,D3,Raiders,Nashua,New Hampshire,Great Northeast Athletic Conference
Roanoke College,D3,Maroons,Salem,Virginia,Old Dominion Athletic Conference
University of Rochester,D3,Yellowjackets,Rochester,New York,University Athletic Association
Rochester Institute of Technology,D3,Tigers,Rochester,New York,Liberty League
Rockford University,D3,Regents,Rockford,Illinois,Northern Athletics Collegiate Conference
Roger Williams University,D3,Hawks,Bristol,Rhode Island,Commonwealth Coast Conference
Rose-Hulman Institute of Technology,D3,Engineers,Terre Haute,Indiana,Heartland Collegiate Athletic Conference
Rosemont College,D3,Ravens,Rosement,Pennsylvania,Colonial States Athletic Conference
Rowan University,D3,Profs,Glassboro,New Jersey,New Jersey Athletic Conference
Russell Sage College,D3,Gators,Troy,New York,Empire 8
Rutgers University-Camden,D3,Scarlet Raptors,Camden,New Jersey,New Jersey Athletic Conference
Rutgers University-Newark,D3,Scarlet Raiders,Newark,New Jersey,New Jersey Athletic Conference
College of Saint Benedict,D3,Blazers,St. Joseph,Minnesota,Minnesota Intercollegiate Athletic Conference
St. Catherine University,D3,Wildcats,St. Paul,Minnesota,Minnesota Intercollegiate Athletic Conference
College of Saint Elizabeth,D3,Screaming Eagles,Convent Station,New Jersey,North Eastern Athletic Conference
St. John Fisher College,D3,Cardinals,Pittsford,New York,Empire 8
Saint John's University,D3,Johnnies,Collegeville,Minnesota,Minnesota Intercollegiate Athletic Conference
University of Saint Joseph,D3,Blue Jays,West Hartford,Connecticut,Great Northeast Athletic Conference
St. Joseph's College (Brooklyn),D3,Bears,Brooklyn,New York,Skyline Conference
St. Joseph's College (Long Island),D3,Golden Eagles,Long Island,New York,Skyline Conference
Saint Joseph's College of Maine,D3,Monks,Standish,Maine,Great Northeast Athletic Conference
St. Lawrence University,D3,Saints,Canton,New York,Liberty League
Saint Mary's College,D3,Belles,Notre Dame,Indiana,Michigan Intercollegiate Athletic Association
St. Mary's College of Maryland,D3,Seahawks,St. Mary's City,Maryland,Capital Athletic Conference
Saint Mary's University of Minnesota,D3,Cardinals,Winona,Minnesota,Minnesota Intercollegiate Athletic Conference
St. Norbert College,D3,Green Knights,De Pere,Wisconsin,Midwest Conference
St. Olaf College,D3,Oles,Northfield,Minnesota,Minnesota Intercollegiate Athletic Conference
The College of St. Scholastica,D3,Saints,Duluth,Minnesota,Upper Midwest Athletic Conference
University of St. Thomas,D3,Tommies,St. Paul,Minnesota,Minnesota Intercollegiate Athletic Conference
Saint Vincent College,D3,Bearcats,Latrobe,Pennsylvania,Presidents' Athletic Conference
Salem College,D3,Spirits,Winston-Salem,North Carolina,USA South Athletic Conference
Salem State University,D3,Vikings,Salem,Massachusetts,Massachusetts State Collegiate Athletic Conference
Salisbury University,D3,Sea Gulls,Salisbury,Maryland,Capital Athletic Conference
Salve Regina University,D3,Seahawks,Newport,Rhode Island,Commonwealth Coast Conference
Sarah Lawrence College,D3,Gryphons,Yonkers,New York,Skyline Conference
Schreiner University,D3,Mountaineers,Kerrville,Texas,Southern Collegiate Athletic Conference
University of Scranton,D3,Royals,Scranton,Pennsylvania,Landmark Conference
Sewanee: The University of the South,D3,Tigers,Sewanee,Tennessee,Southern Athletic Association
Shenandoah University,D3,Hornets,Winchester,Virginia,Old Dominion Athletic Conference
Simmons College,D3,Sharks,Boston,Massachusetts,Great Northeast Athletic Conference
Simpson College,D3,Storm,Indianola,Iowa,Iowa Intercollegiate Athletic Conference
Skidmore College,D3,Thoroughbreds,Saratoga Springs,New York,Liberty League
Smith College,D3,Pioneers,Northampton,Massachusetts,New England Women's and Men's Athletic Conference
University of Southern Maine,D3,Huskies,Portland,Maine,Little East Conference
Southern Vermont College,D3,Mountaineers,Bennington,Vermont,New England Collegiate Conference
Southern Virginia University,D3,Knights,Buena Vista,Virginia,Capital Athletic Conference
Southwestern University,D3,Pirates,Georgetown,Texas,Southern Collegiate Athletic Conference
Spalding University,D3,Golden Eagles,Louisville,Kentucky,St. Louis Intercollegiate Athletic Conference
Springfield College,D3,Pride,Springfield,Massachusetts,New England Women's and Men's Athletic Conference
College of Staten Island,D3,Dolphins,Staten Island,New York,City University of New York Athletic Conference
Stevens Institute of Technology,D3,Ducks,Hoboken,New Jersey,Empire 8(MAC Freedom Conference in 2019)
Stevenson University,D3,Mustangs,Stevenson,Maryland,MAC Commonwealth Conference
Stockton University,D3,Ospreys,Pomona,New Jersey,New Jersey Athletic Conference
Suffolk University,D3,Rams,Boston,Massachusetts,Great Northeast Athletic Conference
Sul Ross State University,D3,Lobos,Alpine,Texas,American Southwest Conference
Susquehanna University,D3,River Hawks,Selinsgrove,Pennsylvania,Landmark Conference
Swarthmore College,D3,Garnet,Swarthmore,Pennsylvania,Centennial Conference
Sweet Briar College,D3,Vixens,Sweet Briar,Virginia,Old Dominion Athletic Conference
University of Texas at Dallas,D3,Comets,Dallas,Texas,American Southwest Conference
Texas Lutheran University,D3,Bulldogs,Seguin,Texas,Southern Collegiate Athletic Conference
University of Texas at Tyler,D3,Patriots,Tyler,Texas,American Southwest Conference
Thiel College,D3,Tomcats,Greenville,Pennsylvania,Presidents' Athletic Conference
Thomas College,D3,Terriers,Waterville,Maine,North Atlantic Conference
Thomas More College,D3,Saints,Crestview Hills,Kentucky,American Collegiate Athletic Association
Transylvania University,D3,Pioneers,Lexington,Kentucky,Heartland Collegiate Athletic Conference
Trine University,D3,Thunder,Angola,Indiana,Michigan Intercollegiate Athletic Association
Trinity College,D3,Bantams,Hartford,Connecticut,New England Small College Athletic Conference
Trinity University,D3,Tigers,San Antonio,Texas,Southern Collegiate Athletic Conference
Trinity Washington University,D3,Tigers,Washington,District of Columbia,Independent
Tufts University,D3,Jumbos,Medford,Massachusetts,New England Small College Athletic Conference
Union College,D3,Dutchmen,Schenectady,New York,Liberty League
United States Coast Guard Academy (Coast Guard),D3,Bears,New London,Connecticut,New England Women's and Men's Athletic Conference
United States Merchant Marine Academy (Merchant Marine),D3,Mariners,Kings Point,New York,Skyline Conference
Ursinus College,D3,Bears,Collegeville,Pennsylvania,Centennial Conference
Utica College,D3,Pioneers,Utica,New York,Empire 8
University of Valley Forge,D3,Patriots,Phoenixville,Pennsylvania,American Collegiate Athletic Association
Vassar College,D3,Brewers,Poughkeepsie,New York,Liberty League
Virginia Wesleyan University,D3,Marlins,Virginia Beach,Virginia,Old Dominion Athletic Conference
Wabash College,D3,Little Giants,Crawfordsville,Indiana,North Coast Athletic Conference
Wartburg College,D3,Knights,Waverly,Iowa,Iowa Intercollegiate Athletic Conference
Washington & Jefferson College,D3,Presidents,Washington,Pennsylvania,Presidents' Athletic Conference
Washington and Lee University,D3,Generals,Lexington,Virginia,Old Dominion Athletic Conference
Washington College,D3,Shoremen,Chestertown,Maryland,Centennial Conference
Washington University in St. Louis,D3,Bears,St. Louis,Missouri,University Athletic Association
Waynesburg University,D3,Yellow Jackets,Waynesburg,Pennsylvania,Presidents' Athletic Conference
Webster University,D3,Gorloks,St. Louis,Missouri,St. Louis Intercollegiate Athletic Conference
Wellesley College,D3,Blue,Wellesley,Massachusetts,New England Women's and Men's Athletic Conference
Wells College,D3,Express,Aurora,New York,North Eastern Athletic Conference
Wentworth Institute of Technology,D3,Leopards,Boston,Massachusetts,Commonwealth Coast Conference
Wesley College,D3,Wolverines,Dover,Delaware,Atlantic East Conference
Wesleyan College,D3,Wolves,Macon,Georgia,USA South Athletic Conference
Wesleyan University,D3,Cardinals,Middletown,Connecticut,New England Small College Athletic Conference
Western Connecticut State University,D3,Colonials,Danbury,Connecticut,Little East Conference
Western New England University,D3,Golden Bears,Springfield,Massachusetts,Commonwealth Coast Conference
Westfield State University,D3,Owls,Westfield,Massachusetts,Massachusetts State Collegiate Athletic Conference
Westminster College,D3,Blue Jays,Fulton,Missouri,St. Louis Intercollegiate Athletic Conference
Westminster College,D3,Titans,New Wilmington,Pennsylvania,Presidents' Athletic Conference
Wheaton College,D3,Thunder,Wheaton,Illinois,College Conference of Illinois and Wisconsin
Wheaton College,D3,Lyons,Norton,Massachusetts,New England Women's and Men's Athletic Conference
Whitman College,D3,Blues,Walla Walla,Washington,Northwest Conference
Whittier College,D3,Poets,Whittier,California,Southern California Intercollegiate Athletic Conference
Whitworth University,D3,Pirates,Spokane,Washington,Northwest Conference
Widener University,D3,Pride,Chester,Pennsylvania,MAC Commonwealth Conference
Wilkes University,D3,Colonels,Wilkes-Barre,Pennsylvania,MAC Freedom Conference
Willamette University,D3,Bearcats,Salem,Oregon,Northwest Conference
William Paterson University,D3,Pioneers,Wayne,New Jersey,New Jersey Athletic Conference
William Peace University,D3,Pacers,Raleigh,North Carolina,USA South Athletic Conference
William Smith College,D3,Herons,Geneva,New York,Liberty League
Williams College,D3,Ephs,Williamstown,Massachusetts,New England Small College Athletic Conference
Wilmington College,D3,Quakers,Wilmington,Ohio,Ohio Athletic Conference
Wilson College,D3,Phoenix,Chambersburg,Pennsylvania,Colonial States Athletic Conference
University of Wisconsin-Eau Claire,D3,Blugolds,Eau Claire,Wisconsin,Wisconsin Intercollegiate Athletic Conference
University of Wisconsin-La Crosse,D3,Eagles,La Crosse,Wisconsin,Wisconsin Intercollegiate Athletic Conference
Wisconsin Lutheran College,D3,Warriors,Milwaukee,Wisconsin,Northern Athletics Collegiate Conference
University of Wisconsin-Oshkosh,D3,Titans,Oshkosh,Wisconsin,Wisconsin Intercollegiate Athletic Conference
University of Wisconsin-Platteville,D3,Pioneers,Platteville,Wisconsin,Wisconsin Intercollegiate Athletic Conference
University of Wisconsin-River Falls,D3,Falcons,River Falls,Wisconsin,Wisconsin Intercollegiate Athletic Conference
University of Wisconsin-Stevens Point,D3,Pointers,Stevens Point,Wisconsin,Wisconsin Intercollegiate Athletic Conference
University of Wisconsin-Stout,D3,Blue Devils,Menomonie,Wisconsin,Wisconsin Intercollegiate Athletic Conference
University of Wisconsin-Superior,D3,Yellow Jackets,Superior,Wisconsin,Upper Midwest Athletic Conference
University of Wisconsin-Whitewater,D3,Warhawks,Whitewater,Wisconsin,Wisconsin Intercollegiate Athletic Conference
Wittenberg University,D3,Tigers,Springfield,Ohio,North Coast Athletic Conference
College of Wooster,D3,Fighting Scots,Wooster,Ohio,North Coast Athletic Conference
Worcester Polytechnic Institute,D3,Engineers,Worcester,Massachusetts,New England Women's and Men's Athletic Conference
Worcester State University,D3,Lancers,Worcester,Massachusetts,Massachusetts State Collegiate Athletic Conference
Yeshiva University,D3,Maccabees,New York,New York,Skyline Conference
York College, City University of New York,D3,Cardinals,Queens,New York,City University of New York Athletic Conference
York College of Pennsylvania,D3,Spartans,York,Pennsylvania,Capital Athletic Conference
